algo,world_size,hidden_dim,num_layers,model_label,total_params,grad_size_bytes,grad_size_mib,steps,batch_size,bucket_cap_mb,threads,repeat_id,total_training_time_sec,avg_step_time_ms,normalized_total_training_time_sec,normalized_avg_step_time_ms,parameter_max_diff
ring,9,32,2,h32_l2,17802,71208,0.067909,300,16,512,1,1,1.237,4.124,1.237,4.124,0.00000000
bruck-latency,9,32,2,h32_l2,17802,71208,0.067909,300,16,512,1,1,0.817,2.724,0.817,2.724,0.00000033
bruck-bandwidth,9,32,2,h32_l2,17802,71208,0.067909,300,16,512,1,1,1.056,3.520,1.056,3.520,0.00000000
trivance-latency,9,32,2,h32_l2,17802,71208,0.067909,300,16,512,1,1,0.800,2.666,0.800,2.666,0.00000033
trivance-bandwidth,9,32,2,h32_l2,17802,71208,0.067909,300,16,512,1,1,1.025,3.416,1.025,3.416,0.00000000
recursive-doubling-latency,8,32,2,h32_l2,17802,71208,0.067909,300,16,512,1,1,0.731,2.437,0.822375,2.741625,0.00000000
recursive-doubling-bandwidth,8,32,2,h32_l2,17802,71208,0.067909,300,16,512,1,1,0.906,3.021,1.019250,3.398625,0.00000000
swing-latency,8,32,2,h32_l2,17802,71208,0.067909,300,16,512,1,1,0.721,2.404,0.811125,2.704500,0.00000009
swing-bandwidth,8,32,2,h32_l2,17802,71208,0.067909,300,16,512,1,1,0.972,3.238,1.093500,3.642750,0.00000000
ring,9,64,2,h64_l2,37642,150568,0.143593,300,16,512,1,1,1.410,4.700,1.410,4.700,0.00000000
bruck-latency,9,64,2,h64_l2,37642,150568,0.143593,300,16,512,1,1,0.963,3.208,0.963,3.208,0.00000034
bruck-bandwidth,9,64,2,h64_l2,37642,150568,0.143593,300,16,512,1,1,1.176,3.919,1.176,3.919,0.00000000
trivance-latency,9,64,2,h64_l2,37642,150568,0.143593,300,16,512,1,1,0.943,3.145,0.943,3.145,0.00000022
trivance-bandwidth,9,64,2,h64_l2,37642,150568,0.143593,300,16,512,1,1,1.192,3.972,1.192,3.972,0.00000000
recursive-doubling-latency,8,64,2,h64_l2,37642,150568,0.143593,300,16,512,1,1,0.906,3.019,1.019250,3.396375,0.00000000
recursive-doubling-bandwidth,8,64,2,h64_l2,37642,150568,0.143593,300,16,512,1,1,0.985,3.282,1.108125,3.692250,0.00000000
swing-latency,8,64,2,h64_l2,37642,150568,0.143593,300,16,512,1,1,0.890,2.965,1.001250,3.335625,0.00000252
swing-bandwidth,8,64,2,h64_l2,37642,150568,0.143593,300,16,512,1,1,1.045,3.484,1.175625,3.919500,0.00000000
ring,9,128,2,h128_l2,83466,333864,0.318398,300,16,512,1,1,1.717,5.722,1.717,5.722,0.00000000
bruck-latency,9,128,2,h128_l2,83466,333864,0.318398,300,16,512,1,1,1.492,4.975,1.492,4.975,0.00000135
bruck-bandwidth,9,128,2,h128_l2,83466,333864,0.318398,300,16,512,1,1,1.584,5.280,1.584,5.280,0.00000000
trivance-latency,9,128,2,h128_l2,83466,333864,0.318398,300,16,512,1,1,1.462,4.873,1.462,4.873,0.00000402
trivance-bandwidth,9,128,2,h128_l2,83466,333864,0.318398,300,16,512,1,1,1.595,5.316,1.595,5.316,0.00000000
recursive-doubling-latency,8,128,2,h128_l2,83466,333864,0.318398,300,16,512,1,1,1.245,4.152,1.400625,4.671000,0.00000000
recursive-doubling-bandwidth,8,128,2,h128_l2,83466,333864,0.318398,300,16,512,1,1,1.518,5.061,1.707750,5.693625,0.00000000
swing-latency,8,128,2,h128_l2,83466,333864,0.318398,300,16,512,1,1,1.294,4.314,1.455750,4.853250,0.00000013
swing-bandwidth,8,128,2,h128_l2,83466,333864,0.318398,300,16,512,1,1,1.414,4.714,1.590750,5.303250,0.00000000
ring,9,256,2,h256_l2,199690,798760,0.761757,300,16,512,1,1,2.835,9.450,2.835,9.450,0.00000000
bruck-latency,9,256,2,h256_l2,199690,798760,0.761757,300,16,512,1,1,2.778,9.259,2.778,9.259,0.00000418
bruck-bandwidth,9,256,2,h256_l2,199690,798760,0.761757,300,16,512,1,1,2.853,9.510,2.853,9.510,0.00000000
trivance-latency,9,256,2,h256_l2,199690,798760,0.761757,300,16,512,1,1,2.727,9.090,2.727,9.090,0.00000208
trivance-bandwidth,9,256,2,h256_l2,199690,798760,0.761757,300,16,512,1,1,2.828,9.428,2.828,9.428,0.00000000
recursive-doubling-latency,8,256,2,h256_l2,199690,798760,0.761757,300,16,512,1,1,2.290,7.634,2.576250,8.588250,0.00000000
recursive-doubling-bandwidth,8,256,2,h256_l2,199690,798760,0.761757,300,16,512,1,1,2.436,8.120,2.740500,9.135000,0.00000000
swing-latency,8,256,2,h256_l2,199690,798760,0.761757,300,16,512,1,1,2.306,7.686,2.594250,8.646750,0.00000214
swing-bandwidth,8,256,2,h256_l2,199690,798760,0.761757,300,16,512,1,1,2.686,8.953,3.021750,10.072125,0.00000000
ring,9,512,2,h512_l2,530442,2121768,2.023476,300,16,512,1,1,5.117,17.058,5.117,17.058,0.00000000
bruck-latency,9,512,2,h512_l2,530442,2121768,2.023476,300,16,512,1,1,6.458,21.527,6.458,21.527,0.00000172
bruck-bandwidth,9,512,2,h512_l2,530442,2121768,2.023476,300,16,512,1,1,5.816,19.385,5.816,19.385,0.00000000
trivance-latency,9,512,2,h512_l2,530442,2121768,2.023476,300,16,512,1,1,6.476,21.586,6.476,21.586,0.00000241
trivance-bandwidth,9,512,2,h512_l2,530442,2121768,2.023476,300,16,512,1,1,5.781,19.270,5.781,19.270,0.00000000
recursive-doubling-latency,8,512,2,h512_l2,530442,2121768,2.023476,300,16,512,1,1,5.011,16.703,5.637375,18.790875,0.00000000
recursive-doubling-bandwidth,8,512,2,h512_l2,530442,2121768,2.023476,300,16,512,1,1,6.174,20.579,6.945750,23.151375,0.00000000
swing-latency,8,512,2,h512_l2,530442,2121768,2.023476,300,16,512,1,1,5.463,18.209,6.145875,20.485125,0.00000081
swing-bandwidth,8,512,2,h512_l2,530442,2121768,2.023476,300,16,512,1,1,5.916,19.718,6.655500,22.182750,0.00000000
ring,9,1024,2,h1024_l2,1585162,6340648,6.046913,300,16,512,1,1,17.219,57.396,17.219,57.396,0.00000000
bruck-latency,9,1024,2,h1024_l2,1585162,6340648,6.046913,300,16,512,1,1,19.558,65.192,19.558,65.192,0.00000194
bruck-bandwidth,9,1024,2,h1024_l2,1585162,6340648,6.046913,300,16,512,1,1,18.647,62.155,18.647,62.155,0.00000000
trivance-latency,9,1024,2,h1024_l2,1585162,6340648,6.046913,300,16,512,1,1,19.068,63.560,19.068,63.560,0.00000279
trivance-bandwidth,9,1024,2,h1024_l2,1585162,6340648,6.046913,300,16,512,1,1,17.999,59.997,17.999,59.997,0.00000000
recursive-doubling-latency,8,1024,2,h1024_l2,1585162,6340648,6.046913,300,16,512,1,1,14.720,49.067,16.560000,55.200375,0.00000000
recursive-doubling-bandwidth,8,1024,2,h1024_l2,1585162,6340648,6.046913,300,16,512,1,1,16.626,55.418,18.704250,62.345250,0.00000000
swing-latency,8,1024,2,h1024_l2,1585162,6340648,6.046913,300,16,512,1,1,14.489,48.298,16.300125,54.335250,0.00000178
swing-bandwidth,8,1024,2,h1024_l2,1585162,6340648,6.046913,300,16,512,1,1,17.558,58.528,19.752750,65.844000,0.00000000
ring,9,1024,4,h1024_l4,3684362,14737448,14.054726,300,16,512,1,1,33.947,113.158,33.947,113.158,0.00000000
bruck-latency,9,1024,4,h1024_l4,3684362,14737448,14.054726,300,16,512,1,1,41.849,139.497,41.849,139.497,0.00000136
bruck-bandwidth,9,1024,4,h1024_l4,3684362,14737448,14.054726,300,16,512,1,1,38.669,128.898,38.669,128.898,0.00000000
trivance-latency,9,1024,4,h1024_l4,3684362,14737448,14.054726,300,16,512,1,1,39.353,131.178,39.353,131.178,0.00000103
trivance-bandwidth,9,1024,4,h1024_l4,3684362,14737448,14.054726,300,16,512,1,1,36.760,122.534,36.760,122.534,0.00000000
recursive-doubling-latency,8,1024,4,h1024_l4,3684362,14737448,14.054726,300,16,512,1,1,29.772,99.241,33.493500,111.646125,0.00000000
recursive-doubling-bandwidth,8,1024,4,h1024_l4,3684362,14737448,14.054726,300,16,512,1,1,33.217,110.724,37.369125,124.564500,0.00000000
swing-latency,8,1024,4,h1024_l4,3684362,14737448,14.054726,300,16,512,1,1,33.462,111.541,37.644750,125.483625,0.00000100
swing-bandwidth,8,1024,4,h1024_l4,3684362,14737448,14.054726,300,16,512,1,1,32.580,108.600,36.652500,122.175000,0.00000000
ring,9,32,2,h32_l2,17802,71208,0.067909,300,16,512,1,2,1.274,4.246,1.274,4.246,0.00000000
bruck-latency,9,32,2,h32_l2,17802,71208,0.067909,300,16,512,1,2,0.823,2.742,0.823,2.742,0.00000033
bruck-bandwidth,9,32,2,h32_l2,17802,71208,0.067909,300,16,512,1,2,1.051,3.504,1.051,3.504,0.00000000
trivance-latency,9,32,2,h32_l2,17802,71208,0.067909,300,16,512,1,2,0.808,2.695,0.808,2.695,0.00000033
trivance-bandwidth,9,32,2,h32_l2,17802,71208,0.067909,300,16,512,1,2,1.005,3.349,1.005,3.349,0.00000000
recursive-doubling-latency,8,32,2,h32_l2,17802,71208,0.067909,300,16,512,1,2,0.746,2.487,0.839250,2.797875,0.00000000
recursive-doubling-bandwidth,8,32,2,h32_l2,17802,71208,0.067909,300,16,512,1,2,0.940,3.133,1.057500,3.524625,0.00000000
swing-latency,8,32,2,h32_l2,17802,71208,0.067909,300,16,512,1,2,0.768,2.561,0.864000,2.881125,0.00000009
swing-bandwidth,8,32,2,h32_l2,17802,71208,0.067909,300,16,512,1,2,0.944,3.147,1.062000,3.540375,0.00000000
ring,9,64,2,h64_l2,37642,150568,0.143593,300,16,512,1,2,1.414,4.714,1.414,4.714,0.00000000
bruck-latency,9,64,2,h64_l2,37642,150568,0.143593,300,16,512,1,2,0.964,3.215,0.964,3.215,0.00000034
bruck-bandwidth,9,64,2,h64_l2,37642,150568,0.143593,300,16,512,1,2,1.255,4.182,1.255,4.182,0.00000000
trivance-latency,9,64,2,h64_l2,37642,150568,0.143593,300,16,512,1,2,0.948,3.159,0.948,3.159,0.00000022
trivance-bandwidth,9,64,2,h64_l2,37642,150568,0.143593,300,16,512,1,2,1.172,3.906,1.172,3.906,0.00000000
recursive-doubling-latency,8,64,2,h64_l2,37642,150568,0.143593,300,16,512,1,2,0.862,2.872,0.969750,3.231000,0.00000000
recursive-doubling-bandwidth,8,64,2,h64_l2,37642,150568,0.143593,300,16,512,1,2,1.025,3.417,1.153125,3.844125,0.00000000
swing-latency,8,64,2,h64_l2,37642,150568,0.143593,300,16,512,1,2,0.842,2.806,0.947250,3.156750,0.00000252
swing-bandwidth,8,64,2,h64_l2,37642,150568,0.143593,300,16,512,1,2,1.094,3.645,1.230750,4.100625,0.00000000
ring,9,128,2,h128_l2,83466,333864,0.318398,300,16,512,1,2,1.686,5.620,1.686,5.620,0.00000000
bruck-latency,9,128,2,h128_l2,83466,333864,0.318398,300,16,512,1,2,1.435,4.784,1.435,4.784,0.00000135
bruck-bandwidth,9,128,2,h128_l2,83466,333864,0.318398,300,16,512,1,2,1.554,5.179,1.554,5.179,0.00000000
trivance-latency,9,128,2,h128_l2,83466,333864,0.318398,300,16,512,1,2,1.483,4.942,1.483,4.942,0.00000402
trivance-bandwidth,9,128,2,h128_l2,83466,333864,0.318398,300,16,512,1,2,1.549,5.163,1.549,5.163,0.00000000
recursive-doubling-latency,8,128,2,h128_l2,83466,333864,0.318398,300,16,512,1,2,1.254,4.179,1.410750,4.701375,0.00000000
recursive-doubling-bandwidth,8,128,2,h128_l2,83466,333864,0.318398,300,16,512,1,2,1.403,4.677,1.578375,5.261625,0.00000000
swing-latency,8,128,2,h128_l2,83466,333864,0.318398,300,16,512,1,2,1.231,4.103,1.384875,4.615875,0.00000013
swing-bandwidth,8,128,2,h128_l2,83466,333864,0.318398,300,16,512,1,2,1.446,4.820,1.626750,5.422500,0.00000000
ring,9,256,2,h256_l2,199690,798760,0.761757,300,16,512,1,2,2.760,9.201,2.760,9.201,0.00000000
bruck-latency,9,256,2,h256_l2,199690,798760,0.761757,300,16,512,1,2,2.770,9.233,2.770,9.233,0.00000418
bruck-bandwidth,9,256,2,h256_l2,199690,798760,0.761757,300,16,512,1,2,2.803,9.343,2.803,9.343,0.00000000
trivance-latency,9,256,2,h256_l2,199690,798760,0.761757,300,16,512,1,2,2.676,8.919,2.676,8.919,0.00000208
trivance-bandwidth,9,256,2,h256_l2,199690,798760,0.761757,300,16,512,1,2,2.807,9.357,2.807,9.357,0.00000000
recursive-doubling-latency,8,256,2,h256_l2,199690,798760,0.761757,300,16,512,1,2,2.424,8.081,2.727000,9.091125,0.00000000
recursive-doubling-bandwidth,8,256,2,h256_l2,199690,798760,0.761757,300,16,512,1,2,2.522,8.408,2.837250,9.459000,0.00000000
swing-latency,8,256,2,h256_l2,199690,798760,0.761757,300,16,512,1,2,2.012,6.706,2.263500,7.544250,0.00000214
swing-bandwidth,8,256,2,h256_l2,199690,798760,0.761757,300,16,512,1,2,2.367,7.888,2.662875,8.874000,0.00000000
ring,9,512,2,h512_l2,530442,2121768,2.023476,300,16,512,1,2,4.977,16.589,4.977,16.589,0.00000000
bruck-latency,9,512,2,h512_l2,530442,2121768,2.023476,300,16,512,1,2,6.456,21.520,6.456,21.520,0.00000172
bruck-bandwidth,9,512,2,h512_l2,530442,2121768,2.023476,300,16,512,1,2,5.604,18.680,5.604,18.680,0.00000000
trivance-latency,9,512,2,h512_l2,530442,2121768,2.023476,300,16,512,1,2,6.398,21.325,6.398,21.325,0.00000241
trivance-bandwidth,9,512,2,h512_l2,530442,2121768,2.023476,300,16,512,1,2,5.917,19.725,5.917,19.725,0.00000000
recursive-doubling-latency,8,512,2,h512_l2,530442,2121768,2.023476,300,16,512,1,2,5.373,17.908,6.044625,20.146500,0.00000000
recursive-doubling-bandwidth,8,512,2,h512_l2,530442,2121768,2.023476,300,16,512,1,2,6.064,20.212,6.822000,22.738500,0.00000000
swing-latency,8,512,2,h512_l2,530442,2121768,2.023476,300,16,512,1,2,5.181,17.272,5.828625,19.431000,0.00000081
swing-bandwidth,8,512,2,h512_l2,530442,2121768,2.023476,300,16,512,1,2,5.980,19.934,6.727500,22.425750,0.00000000
ring,9,1024,2,h1024_l2,1585162,6340648,6.046913,300,16,512,1,2,16.080,53.600,16.080,53.600,0.00000000
bruck-latency,9,1024,2,h1024_l2,1585162,6340648,6.046913,300,16,512,1,2,19.033,63.443,19.033,63.443,0.00000194
bruck-bandwidth,9,1024,2,h1024_l2,1585162,6340648,6.046913,300,16,512,1,2,18.374,61.246,18.374,61.246,0.00000000
trivance-latency,9,1024,2,h1024_l2,1585162,6340648,6.046913,300,16,512,1,2,18.289,60.963,18.289,60.963,0.00000279
trivance-bandwidth,9,1024,2,h1024_l2,1585162,6340648,6.046913,300,16,512,1,2,18.475,61.585,18.475,61.585,0.00000000
recursive-doubling-latency,8,1024,2,h1024_l2,1585162,6340648,6.046913,300,16,512,1,2,15.611,52.036,17.562375,58.540500,0.00000000
recursive-doubling-bandwidth,8,1024,2,h1024_l2,1585162,6340648,6.046913,300,16,512,1,2,16.714,55.712,18.803250,62.676000,0.00000000
swing-latency,8,1024,2,h1024_l2,1585162,6340648,6.046913,300,16,512,1,2,15.301,51.005,17.213625,57.380625,0.00000178
swing-bandwidth,8,1024,2,h1024_l2,1585162,6340648,6.046913,300,16,512,1,2,17.342,57.806,19.509750,65.031750,0.00000000
ring,9,1024,4,h1024_l4,3684362,14737448,14.054726,300,16,512,1,2,33.942,113.139,33.942,113.139,0.00000000
bruck-latency,9,1024,4,h1024_l4,3684362,14737448,14.054726,300,16,512,1,2,40.306,134.354,40.306,134.354,0.00000136
bruck-bandwidth,9,1024,4,h1024_l4,3684362,14737448,14.054726,300,16,512,1,2,38.099,126.998,38.099,126.998,0.00000000
trivance-latency,9,1024,4,h1024_l4,3684362,14737448,14.054726,300,16,512,1,2,38.437,128.124,38.437,128.124,0.00000103
trivance-bandwidth,9,1024,4,h1024_l4,3684362,14737448,14.054726,300,16,512,1,2,36.684,122.279,36.684,122.279,0.00000000
recursive-doubling-latency,8,1024,4,h1024_l4,3684362,14737448,14.054726,300,16,512,1,2,32.162,107.206,36.182250,120.606750,0.00000000
recursive-doubling-bandwidth,8,1024,4,h1024_l4,3684362,14737448,14.054726,300,16,512,1,2,34.455,114.849,38.761875,129.205125,0.00000000
swing-latency,8,1024,4,h1024_l4,3684362,14737448,14.054726,300,16,512,1,2,32.864,109.547,36.972000,123.240375,0.00000100
swing-bandwidth,8,1024,4,h1024_l4,3684362,14737448,14.054726,300,16,512,1,2,31.995,106.651,35.994375,119.982375,0.00000000
ring,9,32,2,h32_l2,17802,71208,0.067909,300,16,512,1,3,1.237,4.123,1.237,4.123,0.00000000
bruck-latency,9,32,2,h32_l2,17802,71208,0.067909,300,16,512,1,3,0.829,2.763,0.829,2.763,0.00000033
bruck-bandwidth,9,32,2,h32_l2,17802,71208,0.067909,300,16,512,1,3,1.014,3.381,1.014,3.381,0.00000000
trivance-latency,9,32,2,h32_l2,17802,71208,0.067909,300,16,512,1,3,0.823,2.742,0.823,2.742,0.00000033
trivance-bandwidth,9,32,2,h32_l2,17802,71208,0.067909,300,16,512,1,3,1.018,3.392,1.018,3.392,0.00000000
recursive-doubling-latency,8,32,2,h32_l2,17802,71208,0.067909,300,16,512,1,3,0.728,2.426,0.819000,2.729250,0.00000000
recursive-doubling-bandwidth,8,32,2,h32_l2,17802,71208,0.067909,300,16,512,1,3,0.957,3.190,1.076625,3.588750,0.00000000
swing-latency,8,32,2,h32_l2,17802,71208,0.067909,300,16,512,1,3,0.730,2.435,0.821250,2.739375,0.00000009
swing-bandwidth,8,32,2,h32_l2,17802,71208,0.067909,300,16,512,1,3,0.942,3.141,1.059750,3.533625,0.00000000
ring,9,64,2,h64_l2,37642,150568,0.143593,300,16,512,1,3,1.381,4.603,1.381,4.603,0.00000000
bruck-latency,9,64,2,h64_l2,37642,150568,0.143593,300,16,512,1,3,0.959,3.198,0.959,3.198,0.00000034
bruck-bandwidth,9,64,2,h64_l2,37642,150568,0.143593,300,16,512,1,3,1.219,4.065,1.219,4.065,0.00000000
trivance-latency,9,64,2,h64_l2,37642,150568,0.143593,300,16,512,1,3,0.941,3.136,0.941,3.136,0.00000022
trivance-bandwidth,9,64,2,h64_l2,37642,150568,0.143593,300,16,512,1,3,1.208,4.026,1.208,4.026,0.00000000
recursive-doubling-latency,8,64,2,h64_l2,37642,150568,0.143593,300,16,512,1,3,0.854,2.845,0.960750,3.200625,0.00000000
recursive-doubling-bandwidth,8,64,2,h64_l2,37642,150568,0.143593,300,16,512,1,3,1.065,3.550,1.198125,3.993750,0.00000000
swing-latency,8,64,2,h64_l2,37642,150568,0.143593,300,16,512,1,3,0.902,3.006,1.014750,3.381750,0.00000252
swing-bandwidth,8,64,2,h64_l2,37642,150568,0.143593,300,16,512,1,3,1.034,3.446,1.163250,3.876750,0.00000000
ring,9,128,2,h128_l2,83466,333864,0.318398,300,16,512,1,3,1.772,5.906,1.772,5.906,0.00000000
bruck-latency,9,128,2,h128_l2,83466,333864,0.318398,300,16,512,1,3,1.477,4.925,1.477,4.925,0.00000135
bruck-bandwidth,9,128,2,h128_l2,83466,333864,0.318398,300,16,512,1,3,1.534,5.112,1.534,5.112,0.00000000
trivance-latency,9,128,2,h128_l2,83466,333864,0.318398,300,16,512,1,3,1.470,4.901,1.470,4.901,0.00000402
trivance-bandwidth,9,128,2,h128_l2,83466,333864,0.318398,300,16,512,1,3,1.611,5.370,1.611,5.370,0.00000000
recursive-doubling-latency,8,128,2,h128_l2,83466,333864,0.318398,300,16,512,1,3,1.256,4.185,1.413000,4.708125,0.00000000
recursive-doubling-bandwidth,8,128,2,h128_l2,83466,333864,0.318398,300,16,512,1,3,1.403,4.678,1.578375,5.262750,0.00000000
swing-latency,8,128,2,h128_l2,83466,333864,0.318398,300,16,512,1,3,1.390,4.632,1.563750,5.211000,0.00000013
swing-bandwidth,8,128,2,h128_l2,83466,333864,0.318398,300,16,512,1,3,1.501,5.004,1.688625,5.629500,0.00000000
ring,9,256,2,h256_l2,199690,798760,0.761757,300,16,512,1,3,2.801,9.335,2.801,9.335,0.00000000
bruck-latency,9,256,2,h256_l2,199690,798760,0.761757,300,16,512,1,3,2.724,9.079,2.724,9.079,0.00000418
bruck-bandwidth,9,256,2,h256_l2,199690,798760,0.761757,300,16,512,1,3,2.812,9.373,2.812,9.373,0.00000000
trivance-latency,9,256,2,h256_l2,199690,798760,0.761757,300,16,512,1,3,2.721,9.069,2.721,9.069,0.00000208
trivance-bandwidth,9,256,2,h256_l2,199690,798760,0.761757,300,16,512,1,3,2.819,9.397,2.819,9.397,0.00000000
recursive-doubling-latency,8,256,2,h256_l2,199690,798760,0.761757,300,16,512,1,3,2.341,7.802,2.633625,8.777250,0.00000000
recursive-doubling-bandwidth,8,256,2,h256_l2,199690,798760,0.761757,300,16,512,1,3,2.588,8.627,2.911500,9.705375,0.00000000
swing-latency,8,256,2,h256_l2,199690,798760,0.761757,300,16,512,1,3,2.423,8.075,2.725875,9.084375,0.00000214
swing-bandwidth,8,256,2,h256_l2,199690,798760,0.761757,300,16,512,1,3,2.579,8.597,2.901375,9.671625,0.00000000
ring,9,512,2,h512_l2,530442,2121768,2.023476,300,16,512,1,3,5.128,17.092,5.128,17.092,0.00000000
bruck-latency,9,512,2,h512_l2,530442,2121768,2.023476,300,16,512,1,3,6.675,22.249,6.675,22.249,0.00000172
bruck-bandwidth,9,512,2,h512_l2,530442,2121768,2.023476,300,16,512,1,3,5.898,19.661,5.898,19.661,0.00000000
trivance-latency,9,512,2,h512_l2,530442,2121768,2.023476,300,16,512,1,3,6.554,21.847,6.554,21.847,0.00000241
trivance-bandwidth,9,512,2,h512_l2,530442,2121768,2.023476,300,16,512,1,3,5.754,19.181,5.754,19.181,0.00000000
recursive-doubling-latency,8,512,2,h512_l2,530442,2121768,2.023476,300,16,512,1,3,5.268,17.560,5.926500,19.755000,0.00000000
recursive-doubling-bandwidth,8,512,2,h512_l2,530442,2121768,2.023476,300,16,512,1,3,5.988,19.960,6.736500,22.455000,0.00000000
swing-latency,8,512,2,h512_l2,530442,2121768,2.023476,300,16,512,1,3,5.512,18.374,6.201000,20.670750,0.00000081
swing-bandwidth,8,512,2,h512_l2,530442,2121768,2.023476,300,16,512,1,3,5.856,19.519,6.588000,21.958875,0.00000000
ring,9,1024,2,h1024_l2,1585162,6340648,6.046913,300,16,512,1,3,15.736,52.454,15.736,52.454,0.00000000
bruck-latency,9,1024,2,h1024_l2,1585162,6340648,6.046913,300,16,512,1,3,18.669,62.229,18.669,62.229,0.00000194
bruck-bandwidth,9,1024,2,h1024_l2,1585162,6340648,6.046913,300,16,512,1,3,18.332,61.106,18.332,61.106,0.00000000
trivance-latency,9,1024,2,h1024_l2,1585162,6340648,6.046913,300,16,512,1,3,18.970,63.234,18.970,63.234,0.00000279
trivance-bandwidth,9,1024,2,h1024_l2,1585162,6340648,6.046913,300,16,512,1,3,18.302,61.008,18.302,61.008,0.00000000
recursive-doubling-latency,8,1024,2,h1024_l2,1585162,6340648,6.046913,300,16,512,1,3,15.146,50.488,17.039250,56.799000,0.00000000
recursive-doubling-bandwidth,8,1024,2,h1024_l2,1585162,6340648,6.046913,300,16,512,1,3,16.971,56.571,19.092375,63.642375,0.00000000
swing-latency,8,1024,2,h1024_l2,1585162,6340648,6.046913,300,16,512,1,3,16.233,54.109,18.262125,60.872625,0.00000178
swing-bandwidth,8,1024,2,h1024_l2,1585162,6340648,6.046913,300,16,512,1,3,16.373,54.578,18.419625,61.400250,0.00000000
ring,9,1024,4,h1024_l4,3684362,14737448,14.054726,300,16,512,1,3,32.576,108.587,32.576,108.587,0.00000000
bruck-latency,9,1024,4,h1024_l4,3684362,14737448,14.054726,300,16,512,1,3,39.774,132.580,39.774,132.580,0.00000136
bruck-bandwidth,9,1024,4,h1024_l4,3684362,14737448,14.054726,300,16,512,1,3,38.111,127.038,38.111,127.038,0.00000000
trivance-latency,9,1024,4,h1024_l4,3684362,14737448,14.054726,300,16,512,1,3,40.571,135.237,40.571,135.237,0.00000103
trivance-bandwidth,9,1024,4,h1024_l4,3684362,14737448,14.054726,300,16,512,1,3,37.511,125.037,37.511,125.037,0.00000000
recursive-doubling-latency,8,1024,4,h1024_l4,3684362,14737448,14.054726,300,16,512,1,3,30.795,102.649,34.644375,115.480125,0.00000000
recursive-doubling-bandwidth,8,1024,4,h1024_l4,3684362,14737448,14.054726,300,16,512,1,3,32.784,109.282,36.882000,122.942250,0.00000000
swing-latency,8,1024,4,h1024_l4,3684362,14737448,14.054726,300,16,512,1,3,30.737,102.456,34.579125,115.263000,0.00000100
swing-bandwidth,8,1024,4,h1024_l4,3684362,14737448,14.054726,300,16,512,1,3,33.452,111.506,37.633500,125.444250,0.00000000
ring,9,32,2,h32_l2,17802,71208,0.067909,300,16,512,1,4,1.233,4.111,1.233,4.111,0.00000000
bruck-latency,9,32,2,h32_l2,17802,71208,0.067909,300,16,512,1,4,0.821,2.738,0.821,2.738,0.00000033
bruck-bandwidth,9,32,2,h32_l2,17802,71208,0.067909,300,16,512,1,4,1.059,3.530,1.059,3.530,0.00000000
trivance-latency,9,32,2,h32_l2,17802,71208,0.067909,300,16,512,1,4,0.790,2.633,0.790,2.633,0.00000033
trivance-bandwidth,9,32,2,h32_l2,17802,71208,0.067909,300,16,512,1,4,1.003,3.344,1.003,3.344,0.00000000
recursive-doubling-latency,8,32,2,h32_l2,17802,71208,0.067909,300,16,512,1,4,0.723,2.410,0.813375,2.711250,0.00000000
recursive-doubling-bandwidth,8,32,2,h32_l2,17802,71208,0.067909,300,16,512,1,4,0.929,3.098,1.045125,3.485250,0.00000000
swing-latency,8,32,2,h32_l2,17802,71208,0.067909,300,16,512,1,4,0.673,2.244,0.757125,2.524500,0.00000009
swing-bandwidth,8,32,2,h32_l2,17802,71208,0.067909,300,16,512,1,4,0.936,3.118,1.053000,3.507750,0.00000000
ring,9,64,2,h64_l2,37642,150568,0.143593,300,16,512,1,4,1.442,4.807,1.442,4.807,0.00000000
bruck-latency,9,64,2,h64_l2,37642,150568,0.143593,300,16,512,1,4,0.983,3.277,0.983,3.277,0.00000034
bruck-bandwidth,9,64,2,h64_l2,37642,150568,0.143593,300,16,512,1,4,1.219,4.065,1.219,4.065,0.00000000
trivance-latency,9,64,2,h64_l2,37642,150568,0.143593,300,16,512,1,4,0.945,3.149,0.945,3.149,0.00000022
trivance-bandwidth,9,64,2,h64_l2,37642,150568,0.143593,300,16,512,1,4,1.162,3.873,1.162,3.873,0.00000000
recursive-doubling-latency,8,64,2,h64_l2,37642,150568,0.143593,300,16,512,1,4,0.854,2.847,0.960750,3.202875,0.00000000
recursive-doubling-bandwidth,8,64,2,h64_l2,37642,150568,0.143593,300,16,512,1,4,1.024,3.412,1.152000,3.838500,0.00000000
swing-latency,8,64,2,h64_l2,37642,150568,0.143593,300,16,512,1,4,0.888,2.959,0.999000,3.328875,0.00000252
swing-bandwidth,8,64,2,h64_l2,37642,150568,0.143593,300,16,512,1,4,1.074,3.581,1.208250,4.028625,0.00000000
ring,9,128,2,h128_l2,83466,333864,0.318398,300,16,512,1,4,1.627,5.422,1.627,5.422,0.00000000
bruck-latency,9,128,2,h128_l2,83466,333864,0.318398,300,16,512,1,4,1.488,4.960,1.488,4.960,0.00000135
bruck-bandwidth,9,128,2,h128_l2,83466,333864,0.318398,300,16,512,1,4,1.528,5.095,1.528,5.095,0.00000000
trivance-latency,9,128,2,h128_l2,83466,333864,0.318398,300,16,512,1,4,1.496,4.988,1.496,4.988,0.00000402
trivance-bandwidth,9,128,2,h128_l2,83466,333864,0.318398,300,16,512,1,4,1.529,5.097,1.529,5.097,0.00000000
recursive-doubling-latency,8,128,2,h128_l2,83466,333864,0.318398,300,16,512,1,4,1.357,4.523,1.526625,5.088375,0.00000000
recursive-doubling-bandwidth,8,128,2,h128_l2,83466,333864,0.318398,300,16,512,1,4,1.471,4.904,1.654875,5.517000,0.00000000
swing-latency,8,128,2,h128_l2,83466,333864,0.318398,300,16,512,1,4,1.297,4.324,1.459125,4.864500,0.00000013
swing-bandwidth,8,128,2,h128_l2,83466,333864,0.318398,300,16,512,1,4,1.365,4.550,1.535625,5.118750,0.00000000
ring,9,256,2,h256_l2,199690,798760,0.761757,300,16,512,1,4,2.729,9.097,2.729,9.097,0.00000000
bruck-latency,9,256,2,h256_l2,199690,798760,0.761757,300,16,512,1,4,2.787,9.291,2.787,9.291,0.00000418
bruck-bandwidth,9,256,2,h256_l2,199690,798760,0.761757,300,16,512,1,4,2.842,9.474,2.842,9.474,0.00000000
trivance-latency,9,256,2,h256_l2,199690,798760,0.761757,300,16,512,1,4,2.735,9.116,2.735,9.116,0.00000208
trivance-bandwidth,9,256,2,h256_l2,199690,798760,0.761757,300,16,512,1,4,2.775,9.251,2.775,9.251,0.00000000
recursive-doubling-latency,8,256,2,h256_l2,199690,798760,0.761757,300,16,512,1,4,2.362,7.874,2.657250,8.858250,0.00000000
recursive-doubling-bandwidth,8,256,2,h256_l2,199690,798760,0.761757,300,16,512,1,4,2.570,8.565,2.891250,9.635625,0.00000000
swing-latency,8,256,2,h256_l2,199690,798760,0.761757,300,16,512,1,4,2.236,7.455,2.515500,8.386875,0.00000214
swing-bandwidth,8,256,2,h256_l2,199690,798760,0.761757,300,16,512,1,4,2.391,7.972,2.689875,8.968500,0.00000000
ring,9,512,2,h512_l2,530442,2121768,2.023476,300,16,512,1,4,5.145,17.150,5.145,17.150,0.00000000
bruck-latency,9,512,2,h512_l2,530442,2121768,2.023476,300,16,512,1,4,6.647,22.157,6.647,22.157,0.00000172
bruck-bandwidth,9,512,2,h512_l2,530442,2121768,2.023476,300,16,512,1,4,5.865,19.551,5.865,19.551,0.00000000
trivance-latency,9,512,2,h512_l2,530442,2121768,2.023476,300,16,512,1,4,6.351,21.170,6.351,21.170,0.00000241
trivance-bandwidth,9,512,2,h512_l2,530442,2121768,2.023476,300,16,512,1,4,5.860,19.535,5.860,19.535,0.00000000
recursive-doubling-latency,8,512,2,h512_l2,530442,2121768,2.023476,300,16,512,1,4,5.501,18.335,6.188625,20.626875,0.00000000
recursive-doubling-bandwidth,8,512,2,h512_l2,530442,2121768,2.023476,300,16,512,1,4,5.708,19.028,6.421500,21.406500,0.00000000
swing-latency,8,512,2,h512_l2,530442,2121768,2.023476,300,16,512,1,4,5.167,17.223,5.812875,19.375875,0.00000081
swing-bandwidth,8,512,2,h512_l2,530442,2121768,2.023476,300,16,512,1,4,6.152,20.506,6.921000,23.069250,0.00000000
ring,9,1024,2,h1024_l2,1585162,6340648,6.046913,300,16,512,1,4,16.122,53.741,16.122,53.741,0.00000000
bruck-latency,9,1024,2,h1024_l2,1585162,6340648,6.046913,300,16,512,1,4,18.642,62.139,18.642,62.139,0.00000194
bruck-bandwidth,9,1024,2,h1024_l2,1585162,6340648,6.046913,300,16,512,1,4,18.889,62.963,18.889,62.963,0.00000000
trivance-latency,9,1024,2,h1024_l2,1585162,6340648,6.046913,300,16,512,1,4,17.985,59.949,17.985,59.949,0.00000279
trivance-bandwidth,9,1024,2,h1024_l2,1585162,6340648,6.046913,300,16,512,1,4,18.300,60.999,18.300,60.999,0.00000000
recursive-doubling-latency,8,1024,2,h1024_l2,1585162,6340648,6.046913,300,16,512,1,4,15.910,53.034,17.898750,59.663250,0.00000000
recursive-doubling-bandwidth,8,1024,2,h1024_l2,1585162,6340648,6.046913,300,16,512,1,4,17.089,56.962,19.225125,64.082250,0.00000000
swing-latency,8,1024,2,h1024_l2,1585162,6340648,6.046913,300,16,512,1,4,15.347,51.158,17.265375,57.552750,0.00000178
swing-bandwidth,8,1024,2,h1024_l2,1585162,6340648,6.046913,300,16,512,1,4,16.767,55.889,18.862875,62.875125,0.00000000
ring,9,1024,4,h1024_l4,3684362,14737448,14.054726,300,16,512,1,4,33.537,111.789,33.537,111.789,0.00000000
bruck-latency,9,1024,4,h1024_l4,3684362,14737448,14.054726,300,16,512,1,4,40.443,134.811,40.443,134.811,0.00000136
bruck-bandwidth,9,1024,4,h1024_l4,3684362,14737448,14.054726,300,16,512,1,4,37.461,124.870,37.461,124.870,0.00000000
trivance-latency,9,1024,4,h1024_l4,3684362,14737448,14.054726,300,16,512,1,4,40.721,135.737,40.721,135.737,0.00000103
trivance-bandwidth,9,1024,4,h1024_l4,3684362,14737448,14.054726,300,16,512,1,4,36.487,121.623,36.487,121.623,0.00000000
recursive-doubling-latency,8,1024,4,h1024_l4,3684362,14737448,14.054726,300,16,512,1,4,33.359,111.198,37.528875,125.097750,0.00000000
recursive-doubling-bandwidth,8,1024,4,h1024_l4,3684362,14737448,14.054726,300,16,512,1,4,31.903,106.342,35.890875,119.634750,0.00000000
swing-latency,8,1024,4,h1024_l4,3684362,14737448,14.054726,300,16,512,1,4,31.740,105.801,35.707500,119.026125,0.00000100
swing-bandwidth,8,1024,4,h1024_l4,3684362,14737448,14.054726,300,16,512,1,4,35.667,118.890,40.125375,133.751250,0.00000000
ring,9,32,2,h32_l2,17802,71208,0.067909,300,16,512,1,5,1.282,4.273,1.282,4.273,0.00000000
bruck-latency,9,32,2,h32_l2,17802,71208,0.067909,300,16,512,1,5,0.814,2.715,0.814,2.715,0.00000033
bruck-bandwidth,9,32,2,h32_l2,17802,71208,0.067909,300,16,512,1,5,1.067,3.555,1.067,3.555,0.00000000
trivance-latency,9,32,2,h32_l2,17802,71208,0.067909,300,16,512,1,5,0.784,2.615,0.784,2.615,0.00000033
trivance-bandwidth,9,32,2,h32_l2,17802,71208,0.067909,300,16,512,1,5,1.032,3.439,1.032,3.439,0.00000000
recursive-doubling-latency,8,32,2,h32_l2,17802,71208,0.067909,300,16,512,1,5,0.713,2.378,0.802125,2.675250,0.00000000
recursive-doubling-bandwidth,8,32,2,h32_l2,17802,71208,0.067909,300,16,512,1,5,0.919,3.062,1.033875,3.444750,0.00000000
swing-latency,8,32,2,h32_l2,17802,71208,0.067909,300,16,512,1,5,0.749,2.495,0.842625,2.806875,0.00000009
swing-bandwidth,8,32,2,h32_l2,17802,71208,0.067909,300,16,512,1,5,0.941,3.138,1.058625,3.530250,0.00000000
ring,9,64,2,h64_l2,37642,150568,0.143593,300,16,512,1,5,1.454,4.847,1.454,4.847,0.00000000
bruck-latency,9,64,2,h64_l2,37642,150568,0.143593,300,16,512,1,5,0.996,3.320,0.996,3.320,0.00000034
bruck-bandwidth,9,64,2,h64_l2,37642,150568,0.143593,300,16,512,1,5,1.224,4.079,1.224,4.079,0.00000000
trivance-latency,9,64,2,h64_l2,37642,150568,0.143593,300,16,512,1,5,0.970,3.234,0.970,3.234,0.00000022
trivance-bandwidth,9,64,2,h64_l2,37642,150568,0.143593,300,16,512,1,5,1.162,3.872,1.162,3.872,0.00000000
recursive-doubling-latency,8,64,2,h64_l2,37642,150568,0.143593,300,16,512,1,5,0.898,2.994,1.010250,3.368250,0.00000000
recursive-doubling-bandwidth,8,64,2,h64_l2,37642,150568,0.143593,300,16,512,1,5,1.046,3.485,1.176750,3.920625,0.00000000
swing-latency,8,64,2,h64_l2,37642,150568,0.143593,300,16,512,1,5,0.879,2.930,0.988875,3.296250,0.00000252
swing-bandwidth,8,64,2,h64_l2,37642,150568,0.143593,300,16,512,1,5,1.011,3.371,1.137375,3.792375,0.00000000
ring,9,128,2,h128_l2,83466,333864,0.318398,300,16,512,1,5,1.693,5.644,1.693,5.644,0.00000000
bruck-latency,9,128,2,h128_l2,83466,333864,0.318398,300,16,512,1,5,1.518,5.060,1.518,5.060,0.00000135
bruck-bandwidth,9,128,2,h128_l2,83466,333864,0.318398,300,16,512,1,5,1.550,5.168,1.550,5.168,0.00000000
trivance-latency,9,128,2,h128_l2,83466,333864,0.318398,300,16,512,1,5,1.509,5.031,1.509,5.031,0.00000402
trivance-bandwidth,9,128,2,h128_l2,83466,333864,0.318398,300,16,512,1,5,1.553,5.178,1.553,5.178,0.00000000
recursive-doubling-latency,8,128,2,h128_l2,83466,333864,0.318398,300,16,512,1,5,1.215,4.051,1.366875,4.557375,0.00000000
recursive-doubling-bandwidth,8,128,2,h128_l2,83466,333864,0.318398,300,16,512,1,5,1.419,4.729,1.596375,5.320125,0.00000000
swing-latency,8,128,2,h128_l2,83466,333864,0.318398,300,16,512,1,5,1.238,4.125,1.392750,4.640625,0.00000013
swing-bandwidth,8,128,2,h128_l2,83466,333864,0.318398,300,16,512,1,5,1.415,4.718,1.591875,5.307750,0.00000000
ring,9,256,2,h256_l2,199690,798760,0.761757,300,16,512,1,5,2.735,9.118,2.735,9.118,0.00000000
bruck-latency,9,256,2,h256_l2,199690,798760,0.761757,300,16,512,1,5,2.809,9.364,2.809,9.364,0.00000418
bruck-bandwidth,9,256,2,h256_l2,199690,798760,0.761757,300,16,512,1,5,2.935,9.783,2.935,9.783,0.00000000
trivance-latency,9,256,2,h256_l2,199690,798760,0.761757,300,16,512,1,5,2.686,8.952,2.686,8.952,0.00000208
trivance-bandwidth,9,256,2,h256_l2,199690,798760,0.761757,300,16,512,1,5,2.845,9.484,2.845,9.484,0.00000000
recursive-doubling-latency,8,256,2,h256_l2,199690,798760,0.761757,300,16,512,1,5,2.239,7.462,2.518875,8.394750,0.00000000
recursive-doubling-bandwidth,8,256,2,h256_l2,199690,798760,0.761757,300,16,512,1,5,2.703,9.009,3.040875,10.135125,0.00000000
swing-latency,8,256,2,h256_l2,199690,798760,0.761757,300,16,512,1,5,2.317,7.722,2.606625,8.687250,0.00000214
swing-bandwidth,8,256,2,h256_l2,199690,798760,0.761757,300,16,512,1,5,2.336,7.785,2.628000,8.758125,0.00000000
ring,9,512,2,h512_l2,530442,2121768,2.023476,300,16,512,1,5,5.113,17.044,5.113,17.044,0.00000000
bruck-latency,9,512,2,h512_l2,530442,2121768,2.023476,300,16,512,1,5,6.427,21.425,6.427,21.425,0.00000172
bruck-bandwidth,9,512,2,h512_l2,530442,2121768,2.023476,300,16,512,1,5,5.802,19.340,5.802,19.340,0.00000000
trivance-latency,9,512,2,h512_l2,530442,2121768,2.023476,300,16,512,1,5,6.556,21.855,6.556,21.855,0.00000241
trivance-bandwidth,9,512,2,h512_l2,530442,2121768,2.023476,300,16,512,1,5,5.617,18.725,5.617,18.725,0.00000000
recursive-doubling-latency,8,512,2,h512_l2,530442,2121768,2.023476,300,16,512,1,5,5.311,17.703,5.974875,19.915875,0.00000000
recursive-doubling-bandwidth,8,512,2,h512_l2,530442,2121768,2.023476,300,16,512,1,5,5.961,19.870,6.706125,22.353750,0.00000000
swing-latency,8,512,2,h512_l2,530442,2121768,2.023476,300,16,512,1,5,5.207,17.356,5.857875,19.525500,0.00000081
swing-bandwidth,8,512,2,h512_l2,530442,2121768,2.023476,300,16,512,1,5,6.087,20.291,6.847875,22.827375,0.00000000
ring,9,1024,2,h1024_l2,1585162,6340648,6.046913,300,16,512,1,5,15.851,52.838,15.851,52.838,0.00000000
bruck-latency,9,1024,2,h1024_l2,1585162,6340648,6.046913,300,16,512,1,5,18.609,62.031,18.609,62.031,0.00000194
bruck-bandwidth,9,1024,2,h1024_l2,1585162,6340648,6.046913,300,16,512,1,5,18.155,60.517,18.155,60.517,0.00000000
trivance-latency,9,1024,2,h1024_l2,1585162,6340648,6.046913,300,16,512,1,5,17.805,59.350,17.805,59.350,0.00000279
trivance-bandwidth,9,1024,2,h1024_l2,1585162,6340648,6.046913,300,16,512,1,5,18.299,60.996,18.299,60.996,0.00000000
recursive-doubling-latency,8,1024,2,h1024_l2,1585162,6340648,6.046913,300,16,512,1,5,15.368,51.226,17.289000,57.629250,0.00000000
recursive-doubling-bandwidth,8,1024,2,h1024_l2,1585162,6340648,6.046913,300,16,512,1,5,17.079,56.931,19.213875,64.047375,0.00000000
swing-latency,8,1024,2,h1024_l2,1585162,6340648,6.046913,300,16,512,1,5,15.158,50.528,17.052750,56.844000,0.00000178
swing-bandwidth,8,1024,2,h1024_l2,1585162,6340648,6.046913,300,16,512,1,5,17.038,56.795,19.167750,63.894375,0.00000000
ring,9,1024,4,h1024_l4,3684362,14737448,14.054726,300,16,512,1,5,32.786,109.288,32.786,109.288,0.00000000
bruck-latency,9,1024,4,h1024_l4,3684362,14737448,14.054726,300,16,512,1,5,40.371,134.568,40.371,134.568,0.00000136
bruck-bandwidth,9,1024,4,h1024_l4,3684362,14737448,14.054726,300,16,512,1,5,37.257,124.190,37.257,124.190,0.00000000
trivance-latency,9,1024,4,h1024_l4,3684362,14737448,14.054726,300,16,512,1,5,38.689,128.962,38.689,128.962,0.00000103
trivance-bandwidth,9,1024,4,h1024_l4,3684362,14737448,14.054726,300,16,512,1,5,37.171,123.903,37.171,123.903,0.00000000
recursive-doubling-latency,8,1024,4,h1024_l4,3684362,14737448,14.054726,300,16,512,1,5,31.695,105.650,35.656875,118.856250,0.00000000
recursive-doubling-bandwidth,8,1024,4,h1024_l4,3684362,14737448,14.054726,300,16,512,1,5,33.174,110.580,37.320750,124.402500,0.00000000
swing-latency,8,1024,4,h1024_l4,3684362,14737448,14.054726,300,16,512,1,5,30.951,103.171,34.819875,116.067375,0.00000100
swing-bandwidth,8,1024,4,h1024_l4,3684362,14737448,14.054726,300,16,512,1,5,33.163,110.543,37.308375,124.360875,0.00000000
