algo,world_size,hidden_dim,num_layers,model_label,total_params,grad_size_bytes,grad_size_mib,steps,batch_size,bucket_cap_mb,threads,repeat_id,total_training_time_sec,avg_step_time_ms,parameter_max_diff
builtin,9,32,2,h32_l2,17802,71208,0.067909,300,16,512,1,1,1.214,4.046,0.00000000
ring,9,32,2,h32_l2,17802,71208,0.067909,300,16,512,1,1,1.283,4.276,0.00000000
recursive-doubling-latency,9,32,2,h32_l2,17802,71208,0.067909,300,16,512,1,1,0.788,2.626,0.00000000
recursive-doubling-bandwidth,9,32,2,h32_l2,17802,71208,0.067909,300,16,512,1,1,1.008,3.361,0.00000000
swing-latency,9,32,2,h32_l2,17802,71208,0.067909,300,16,512,1,1,0.778,2.592,0.00000006
swing-bandwidth,9,32,2,h32_l2,17802,71208,0.067909,300,16,512,1,1,1.012,3.373,0.00000000
bruck-latency,9,32,2,h32_l2,17802,71208,0.067909,300,16,512,1,1,0.813,2.710,0.00000033
bruck-bandwidth,9,32,2,h32_l2,17802,71208,0.067909,300,16,512,1,1,1.032,3.440,0.00000000
trivance-latency,9,32,2,h32_l2,17802,71208,0.067909,300,16,512,1,1,0.785,2.617,0.00000033
trivance-bandwidth,9,32,2,h32_l2,17802,71208,0.067909,300,16,512,1,1,1.047,3.491,0.00000000
builtin,9,64,2,h64_l2,37642,150568,0.143593,300,16,512,1,1,1.292,4.305,0.00000000
ring,9,64,2,h64_l2,37642,150568,0.143593,300,16,512,1,1,1.410,4.700,0.00000000
recursive-doubling-latency,9,64,2,h64_l2,37642,150568,0.143593,300,16,512,1,1,0.931,3.102,0.00000000
recursive-doubling-bandwidth,9,64,2,h64_l2,37642,150568,0.143593,300,16,512,1,1,1.187,3.958,0.00000000
swing-latency,9,64,2,h64_l2,37642,150568,0.143593,300,16,512,1,1,0.955,3.182,0.00000017
swing-bandwidth,9,64,2,h64_l2,37642,150568,0.143593,300,16,512,1,1,1.181,3.937,0.00000000
bruck-latency,9,64,2,h64_l2,37642,150568,0.143593,300,16,512,1,1,0.958,3.192,0.00000034
bruck-bandwidth,9,64,2,h64_l2,37642,150568,0.143593,300,16,512,1,1,1.236,4.119,0.00000000
trivance-latency,9,64,2,h64_l2,37642,150568,0.143593,300,16,512,1,1,0.968,3.228,0.00000022
trivance-bandwidth,9,64,2,h64_l2,37642,150568,0.143593,300,16,512,1,1,1.181,3.936,0.00000000
builtin,9,128,2,h128_l2,83466,333864,0.318398,300,16,512,1,1,1.433,4.776,0.00000000
ring,9,128,2,h128_l2,83466,333864,0.318398,300,16,512,1,1,1.675,5.583,0.00000000
recursive-doubling-latency,9,128,2,h128_l2,83466,333864,0.318398,300,16,512,1,1,1.348,4.494,0.00000000
recursive-doubling-bandwidth,9,128,2,h128_l2,83466,333864,0.318398,300,16,512,1,1,1.656,5.521,0.00000000
swing-latency,9,128,2,h128_l2,83466,333864,0.318398,300,16,512,1,1,1.316,4.385,0.00000006
swing-bandwidth,9,128,2,h128_l2,83466,333864,0.318398,300,16,512,1,1,1.753,5.842,0.00000000
bruck-latency,9,128,2,h128_l2,83466,333864,0.318398,300,16,512,1,1,1.441,4.805,0.00000135
bruck-bandwidth,9,128,2,h128_l2,83466,333864,0.318398,300,16,512,1,1,1.627,5.422,0.00000000
trivance-latency,9,128,2,h128_l2,83466,333864,0.318398,300,16,512,1,1,1.416,4.720,0.00000402
trivance-bandwidth,9,128,2,h128_l2,83466,333864,0.318398,300,16,512,1,1,1.566,5.219,0.00000000
builtin,9,256,2,h256_l2,199690,798760,0.761757,300,16,512,1,1,2.264,7.546,0.00000000
ring,9,256,2,h256_l2,199690,798760,0.761757,300,16,512,1,1,2.767,9.224,0.00000000
recursive-doubling-latency,9,256,2,h256_l2,199690,798760,0.761757,300,16,512,1,1,2.513,8.376,0.00000000
recursive-doubling-bandwidth,9,256,2,h256_l2,199690,798760,0.761757,300,16,512,1,1,2.911,9.703,0.00000000
swing-latency,9,256,2,h256_l2,199690,798760,0.761757,300,16,512,1,1,2.510,8.368,0.00000012
swing-bandwidth,9,256,2,h256_l2,199690,798760,0.761757,300,16,512,1,1,2.880,9.599,0.00000000
bruck-latency,9,256,2,h256_l2,199690,798760,0.761757,300,16,512,1,1,2.842,9.475,0.00000418
bruck-bandwidth,9,256,2,h256_l2,199690,798760,0.761757,300,16,512,1,1,2.830,9.432,0.00000000
trivance-latency,9,256,2,h256_l2,199690,798760,0.761757,300,16,512,1,1,2.769,9.230,0.00000208
trivance-bandwidth,9,256,2,h256_l2,199690,798760,0.761757,300,16,512,1,1,2.796,9.319,0.00000000
builtin,9,512,2,h512_l2,530442,2121768,2.023476,300,16,512,1,1,4.312,14.374,0.00000000
ring,9,512,2,h512_l2,530442,2121768,2.023476,300,16,512,1,1,5.114,17.045,0.00000000
recursive-doubling-latency,9,512,2,h512_l2,530442,2121768,2.023476,300,16,512,1,1,5.816,19.385,0.00000000
recursive-doubling-bandwidth,9,512,2,h512_l2,530442,2121768,2.023476,300,16,512,1,1,6.669,22.229,0.00000000
swing-latency,9,512,2,h512_l2,530442,2121768,2.023476,300,16,512,1,1,6.000,20.001,0.00000136
swing-bandwidth,9,512,2,h512_l2,530442,2121768,2.023476,300,16,512,1,1,6.906,23.022,0.00000000
bruck-latency,9,512,2,h512_l2,530442,2121768,2.023476,300,16,512,1,1,6.630,22.099,0.00000172
bruck-bandwidth,9,512,2,h512_l2,530442,2121768,2.023476,300,16,512,1,1,5.952,19.840,0.00000000
trivance-latency,9,512,2,h512_l2,530442,2121768,2.023476,300,16,512,1,1,6.457,21.523,0.00000241
trivance-bandwidth,9,512,2,h512_l2,530442,2121768,2.023476,300,16,512,1,1,5.739,19.131,0.00000000
builtin,9,1024,2,h1024_l2,1585162,6340648,6.046913,300,16,512,1,1,12.552,41.841,0.00000000
ring,9,1024,2,h1024_l2,1585162,6340648,6.046913,300,16,512,1,1,16.089,53.630,0.00000000
recursive-doubling-latency,9,1024,2,h1024_l2,1585162,6340648,6.046913,300,16,512,1,1,17.383,57.945,0.00000000
recursive-doubling-bandwidth,9,1024,2,h1024_l2,1585162,6340648,6.046913,300,16,512,1,1,20.294,67.648,0.00000000
swing-latency,9,1024,2,h1024_l2,1585162,6340648,6.046913,300,16,512,1,1,17.524,58.412,0.00000110
swing-bandwidth,9,1024,2,h1024_l2,1585162,6340648,6.046913,300,16,512,1,1,19.258,64.193,0.00000000
bruck-latency,9,1024,2,h1024_l2,1585162,6340648,6.046913,300,16,512,1,1,18.892,62.974,0.00000194
bruck-bandwidth,9,1024,2,h1024_l2,1585162,6340648,6.046913,300,16,512,1,1,18.181,60.604,0.00000000
trivance-latency,9,1024,2,h1024_l2,1585162,6340648,6.046913,300,16,512,1,1,18.126,60.422,0.00000279
trivance-bandwidth,9,1024,2,h1024_l2,1585162,6340648,6.046913,300,16,512,1,1,18.327,61.089,0.00000000
builtin,9,1024,4,h1024_l4,3684362,14737448,14.054726,300,16,512,1,1,25.592,85.306,0.00000000
ring,9,1024,4,h1024_l4,3684362,14737448,14.054726,300,16,512,1,1,32.491,108.305,0.00000000
recursive-doubling-latency,9,1024,4,h1024_l4,3684362,14737448,14.054726,300,16,512,1,1,35.638,118.794,0.00000000
recursive-doubling-bandwidth,9,1024,4,h1024_l4,3684362,14737448,14.054726,300,16,512,1,1,40.179,133.930,0.00000000
swing-latency,9,1024,4,h1024_l4,3684362,14737448,14.054726,300,16,512,1,1,37.927,126.423,0.00000095
swing-bandwidth,9,1024,4,h1024_l4,3684362,14737448,14.054726,300,16,512,1,1,42.840,142.799,0.00000000
bruck-latency,9,1024,4,h1024_l4,3684362,14737448,14.054726,300,16,512,1,1,39.611,132.038,0.00000136
bruck-bandwidth,9,1024,4,h1024_l4,3684362,14737448,14.054726,300,16,512,1,1,37.204,124.012,0.00000000
trivance-latency,9,1024,4,h1024_l4,3684362,14737448,14.054726,300,16,512,1,1,38.917,129.724,0.00000103
trivance-bandwidth,9,1024,4,h1024_l4,3684362,14737448,14.054726,300,16,512,1,1,37.020,123.401,0.00000000
builtin,9,32,2,h32_l2,17802,71208,0.067909,300,16,512,1,2,1.236,4.121,0.00000000
ring,9,32,2,h32_l2,17802,71208,0.067909,300,16,512,1,2,1.233,4.109,0.00000000
recursive-doubling-latency,9,32,2,h32_l2,17802,71208,0.067909,300,16,512,1,2,0.751,2.505,0.00000000
recursive-doubling-bandwidth,9,32,2,h32_l2,17802,71208,0.067909,300,16,512,1,2,1.044,3.478,0.00000000
swing-latency,9,32,2,h32_l2,17802,71208,0.067909,300,16,512,1,2,0.782,2.605,0.00000006
swing-bandwidth,9,32,2,h32_l2,17802,71208,0.067909,300,16,512,1,2,1.046,3.487,0.00000000
bruck-latency,9,32,2,h32_l2,17802,71208,0.067909,300,16,512,1,2,0.825,2.750,0.00000033
bruck-bandwidth,9,32,2,h32_l2,17802,71208,0.067909,300,16,512,1,2,1.035,3.449,0.00000000
trivance-latency,9,32,2,h32_l2,17802,71208,0.067909,300,16,512,1,2,0.793,2.643,0.00000033
trivance-bandwidth,9,32,2,h32_l2,17802,71208,0.067909,300,16,512,1,2,1.006,3.355,0.00000000
builtin,9,64,2,h64_l2,37642,150568,0.143593,300,16,512,1,2,1.285,4.283,0.00000000
ring,9,64,2,h64_l2,37642,150568,0.143593,300,16,512,1,2,1.437,4.790,0.00000000
recursive-doubling-latency,9,64,2,h64_l2,37642,150568,0.143593,300,16,512,1,2,0.942,3.140,0.00000000
recursive-doubling-bandwidth,9,64,2,h64_l2,37642,150568,0.143593,300,16,512,1,2,1.165,3.883,0.00000000
swing-latency,9,64,2,h64_l2,37642,150568,0.143593,300,16,512,1,2,0.945,3.150,0.00000017
swing-bandwidth,9,64,2,h64_l2,37642,150568,0.143593,300,16,512,1,2,1.186,3.953,0.00000000
bruck-latency,9,64,2,h64_l2,37642,150568,0.143593,300,16,512,1,2,0.975,3.250,0.00000034
bruck-bandwidth,9,64,2,h64_l2,37642,150568,0.143593,300,16,512,1,2,1.205,4.016,0.00000000
trivance-latency,9,64,2,h64_l2,37642,150568,0.143593,300,16,512,1,2,0.983,3.275,0.00000022
trivance-bandwidth,9,64,2,h64_l2,37642,150568,0.143593,300,16,512,1,2,1.176,3.920,0.00000000
builtin,9,128,2,h128_l2,83466,333864,0.318398,300,16,512,1,2,1.514,5.047,0.00000000
ring,9,128,2,h128_l2,83466,333864,0.318398,300,16,512,1,2,1.687,5.623,0.00000000
recursive-doubling-latency,9,128,2,h128_l2,83466,333864,0.318398,300,16,512,1,2,1.311,4.371,0.00000000
recursive-doubling-bandwidth,9,128,2,h128_l2,83466,333864,0.318398,300,16,512,1,2,1.656,5.520,0.00000000
swing-latency,9,128,2,h128_l2,83466,333864,0.318398,300,16,512,1,2,1.356,4.521,0.00000006
swing-bandwidth,9,128,2,h128_l2,83466,333864,0.318398,300,16,512,1,2,1.568,5.226,0.00000000
bruck-latency,9,128,2,h128_l2,83466,333864,0.318398,300,16,512,1,2,1.514,5.046,0.00000135
bruck-bandwidth,9,128,2,h128_l2,83466,333864,0.318398,300,16,512,1,2,1.588,5.293,0.00000000
trivance-latency,9,128,2,h128_l2,83466,333864,0.318398,300,16,512,1,2,1.509,5.031,0.00000402
trivance-bandwidth,9,128,2,h128_l2,83466,333864,0.318398,300,16,512,1,2,1.532,5.108,0.00000000
builtin,9,256,2,h256_l2,199690,798760,0.761757,300,16,512,1,2,2.367,7.891,0.00000000
ring,9,256,2,h256_l2,199690,798760,0.761757,300,16,512,1,2,2.732,9.105,0.00000000
recursive-doubling-latency,9,256,2,h256_l2,199690,798760,0.761757,300,16,512,1,2,2.587,8.624,0.00000000
recursive-doubling-bandwidth,9,256,2,h256_l2,199690,798760,0.761757,300,16,512,1,2,2.851,9.504,0.00000000
swing-latency,9,256,2,h256_l2,199690,798760,0.761757,300,16,512,1,2,2.450,8.168,0.00000012
swing-bandwidth,9,256,2,h256_l2,199690,798760,0.761757,300,16,512,1,2,3.026,10.088,0.00000000
bruck-latency,9,256,2,h256_l2,199690,798760,0.761757,300,16,512,1,2,2.775,9.251,0.00000418
bruck-bandwidth,9,256,2,h256_l2,199690,798760,0.761757,300,16,512,1,2,2.941,9.804,0.00000000
trivance-latency,9,256,2,h256_l2,199690,798760,0.761757,300,16,512,1,2,2.764,9.212,0.00000208
trivance-bandwidth,9,256,2,h256_l2,199690,798760,0.761757,300,16,512,1,2,2.815,9.383,0.00000000
builtin,9,512,2,h512_l2,530442,2121768,2.023476,300,16,512,1,2,4.641,15.469,0.00000000
ring,9,512,2,h512_l2,530442,2121768,2.023476,300,16,512,1,2,5.278,17.593,0.00000000
recursive-doubling-latency,9,512,2,h512_l2,530442,2121768,2.023476,300,16,512,1,2,5.851,19.502,0.00000000
recursive-doubling-bandwidth,9,512,2,h512_l2,530442,2121768,2.023476,300,16,512,1,2,7.231,24.102,0.00000000
swing-latency,9,512,2,h512_l2,530442,2121768,2.023476,300,16,512,1,2,6.214,20.715,0.00000136
swing-bandwidth,9,512,2,h512_l2,530442,2121768,2.023476,300,16,512,1,2,6.711,22.370,0.00000000
bruck-latency,9,512,2,h512_l2,530442,2121768,2.023476,300,16,512,1,2,6.392,21.305,0.00000172
bruck-bandwidth,9,512,2,h512_l2,530442,2121768,2.023476,300,16,512,1,2,5.915,19.716,0.00000000
trivance-latency,9,512,2,h512_l2,530442,2121768,2.023476,300,16,512,1,2,6.440,21.466,0.00000241
trivance-bandwidth,9,512,2,h512_l2,530442,2121768,2.023476,300,16,512,1,2,5.938,19.795,0.00000000
builtin,9,1024,2,h1024_l2,1585162,6340648,6.046913,300,16,512,1,2,12.964,43.212,0.00000000
ring,9,1024,2,h1024_l2,1585162,6340648,6.046913,300,16,512,1,2,17.103,57.008,0.00000000
recursive-doubling-latency,9,1024,2,h1024_l2,1585162,6340648,6.046913,300,16,512,1,2,17.191,57.303,0.00000000
recursive-doubling-bandwidth,9,1024,2,h1024_l2,1585162,6340648,6.046913,300,16,512,1,2,20.101,67.004,0.00000000
swing-latency,9,1024,2,h1024_l2,1585162,6340648,6.046913,300,16,512,1,2,17.327,57.756,0.00000110
swing-bandwidth,9,1024,2,h1024_l2,1585162,6340648,6.046913,300,16,512,1,2,19.513,65.043,0.00000000
bruck-latency,9,1024,2,h1024_l2,1585162,6340648,6.046913,300,16,512,1,2,19.198,63.994,0.00000194
bruck-bandwidth,9,1024,2,h1024_l2,1585162,6340648,6.046913,300,16,512,1,2,17.836,59.453,0.00000000
trivance-latency,9,1024,2,h1024_l2,1585162,6340648,6.046913,300,16,512,1,2,19.015,63.384,0.00000279
trivance-bandwidth,9,1024,2,h1024_l2,1585162,6340648,6.046913,300,16,512,1,2,18.752,62.508,0.00000000
builtin,9,1024,4,h1024_l4,3684362,14737448,14.054726,300,16,512,1,2,26.157,87.190,0.00000000
ring,9,1024,4,h1024_l4,3684362,14737448,14.054726,300,16,512,1,2,35.056,116.853,0.00000000
recursive-doubling-latency,9,1024,4,h1024_l4,3684362,14737448,14.054726,300,16,512,1,2,37.999,126.662,0.00000000
recursive-doubling-bandwidth,9,1024,4,h1024_l4,3684362,14737448,14.054726,300,16,512,1,2,39.972,133.241,0.00000000
swing-latency,9,1024,4,h1024_l4,3684362,14737448,14.054726,300,16,512,1,2,37.008,123.359,0.00000095
swing-bandwidth,9,1024,4,h1024_l4,3684362,14737448,14.054726,300,16,512,1,2,38.785,129.284,0.00000000
bruck-latency,9,1024,4,h1024_l4,3684362,14737448,14.054726,300,16,512,1,2,39.181,130.602,0.00000136
bruck-bandwidth,9,1024,4,h1024_l4,3684362,14737448,14.054726,300,16,512,1,2,38.372,127.907,0.00000000
trivance-latency,9,1024,4,h1024_l4,3684362,14737448,14.054726,300,16,512,1,2,39.647,132.156,0.00000103
trivance-bandwidth,9,1024,4,h1024_l4,3684362,14737448,14.054726,300,16,512,1,2,37.295,124.317,0.00000000
builtin,9,32,2,h32_l2,17802,71208,0.067909,300,16,512,1,3,1.176,3.920,0.00000000
ring,9,32,2,h32_l2,17802,71208,0.067909,300,16,512,1,3,1.253,4.176,0.00000000
recursive-doubling-latency,9,32,2,h32_l2,17802,71208,0.067909,300,16,512,1,3,0.811,2.703,0.00000000
recursive-doubling-bandwidth,9,32,2,h32_l2,17802,71208,0.067909,300,16,512,1,3,1.116,3.720,0.00000000
swing-latency,9,32,2,h32_l2,17802,71208,0.067909,300,16,512,1,3,0.786,2.620,0.00000006
swing-bandwidth,9,32,2,h32_l2,17802,71208,0.067909,300,16,512,1,3,1.028,3.426,0.00000000
bruck-latency,9,32,2,h32_l2,17802,71208,0.067909,300,16,512,1,3,0.789,2.629,0.00000033
bruck-bandwidth,9,32,2,h32_l2,17802,71208,0.067909,300,16,512,1,3,1.080,3.601,0.00000000
trivance-latency,9,32,2,h32_l2,17802,71208,0.067909,300,16,512,1,3,0.783,2.610,0.00000033
trivance-bandwidth,9,32,2,h32_l2,17802,71208,0.067909,300,16,512,1,3,1.014,3.381,0.00000000
builtin,9,64,2,h64_l2,37642,150568,0.143593,300,16,512,1,3,1.288,4.293,0.00000000
ring,9,64,2,h64_l2,37642,150568,0.143593,300,16,512,1,3,1.357,4.523,0.00000000
recursive-doubling-latency,9,64,2,h64_l2,37642,150568,0.143593,300,16,512,1,3,0.920,3.068,0.00000000
recursive-doubling-bandwidth,9,64,2,h64_l2,37642,150568,0.143593,300,16,512,1,3,1.197,3.991,0.00000000
swing-latency,9,64,2,h64_l2,37642,150568,0.143593,300,16,512,1,3,0.954,3.180,0.00000017
swing-bandwidth,9,64,2,h64_l2,37642,150568,0.143593,300,16,512,1,3,1.174,3.913,0.00000000
bruck-latency,9,64,2,h64_l2,37642,150568,0.143593,300,16,512,1,3,0.967,3.225,0.00000034
bruck-bandwidth,9,64,2,h64_l2,37642,150568,0.143593,300,16,512,1,3,1.229,4.096,0.00000000
trivance-latency,9,64,2,h64_l2,37642,150568,0.143593,300,16,512,1,3,0.968,3.227,0.00000022
trivance-bandwidth,9,64,2,h64_l2,37642,150568,0.143593,300,16,512,1,3,1.199,3.996,0.00000000
builtin,9,128,2,h128_l2,83466,333864,0.318398,300,16,512,1,3,1.556,5.188,0.00000000
ring,9,128,2,h128_l2,83466,333864,0.318398,300,16,512,1,3,1.710,5.699,0.00000000
recursive-doubling-latency,9,128,2,h128_l2,83466,333864,0.318398,300,16,512,1,3,1.369,4.562,0.00000000
recursive-doubling-bandwidth,9,128,2,h128_l2,83466,333864,0.318398,300,16,512,1,3,1.612,5.374,0.00000000
swing-latency,9,128,2,h128_l2,83466,333864,0.318398,300,16,512,1,3,1.399,4.663,0.00000006
swing-bandwidth,9,128,2,h128_l2,83466,333864,0.318398,300,16,512,1,3,1.636,5.453,0.00000000
bruck-latency,9,128,2,h128_l2,83466,333864,0.318398,300,16,512,1,3,1.492,4.975,0.00000135
bruck-bandwidth,9,128,2,h128_l2,83466,333864,0.318398,300,16,512,1,3,1.500,4.999,0.00000000
trivance-latency,9,128,2,h128_l2,83466,333864,0.318398,300,16,512,1,3,1.535,5.117,0.00000402
trivance-bandwidth,9,128,2,h128_l2,83466,333864,0.318398,300,16,512,1,3,1.522,5.075,0.00000000
builtin,9,256,2,h256_l2,199690,798760,0.761757,300,16,512,1,3,2.343,7.808,0.00000000
ring,9,256,2,h256_l2,199690,798760,0.761757,300,16,512,1,3,2.761,9.204,0.00000000
recursive-doubling-latency,9,256,2,h256_l2,199690,798760,0.761757,300,16,512,1,3,2.581,8.605,0.00000000
recursive-doubling-bandwidth,9,256,2,h256_l2,199690,798760,0.761757,300,16,512,1,3,2.977,9.924,0.00000000
swing-latency,9,256,2,h256_l2,199690,798760,0.761757,300,16,512,1,3,2.470,8.234,0.00000012
swing-bandwidth,9,256,2,h256_l2,199690,798760,0.761757,300,16,512,1,3,2.984,9.947,0.00000000
bruck-latency,9,256,2,h256_l2,199690,798760,0.761757,300,16,512,1,3,2.808,9.361,0.00000418
bruck-bandwidth,9,256,2,h256_l2,199690,798760,0.761757,300,16,512,1,3,2.772,9.241,0.00000000
trivance-latency,9,256,2,h256_l2,199690,798760,0.761757,300,16,512,1,3,2.686,8.954,0.00000208
trivance-bandwidth,9,256,2,h256_l2,199690,798760,0.761757,300,16,512,1,3,2.803,9.344,0.00000000
builtin,9,512,2,h512_l2,530442,2121768,2.023476,300,16,512,1,3,4.484,14.945,0.00000000
ring,9,512,2,h512_l2,530442,2121768,2.023476,300,16,512,1,3,5.253,17.512,0.00000000
recursive-doubling-latency,9,512,2,h512_l2,530442,2121768,2.023476,300,16,512,1,3,5.729,19.097,0.00000000
recursive-doubling-bandwidth,9,512,2,h512_l2,530442,2121768,2.023476,300,16,512,1,3,7.186,23.952,0.00000000
swing-latency,9,512,2,h512_l2,530442,2121768,2.023476,300,16,512,1,3,5.759,19.197,0.00000136
swing-bandwidth,9,512,2,h512_l2,530442,2121768,2.023476,300,16,512,1,3,7.210,24.034,0.00000000
bruck-latency,9,512,2,h512_l2,530442,2121768,2.023476,300,16,512,1,3,6.563,21.878,0.00000172
bruck-bandwidth,9,512,2,h512_l2,530442,2121768,2.023476,300,16,512,1,3,5.747,19.155,0.00000000
trivance-latency,9,512,2,h512_l2,530442,2121768,2.023476,300,16,512,1,3,6.359,21.196,0.00000241
trivance-bandwidth,9,512,2,h512_l2,530442,2121768,2.023476,300,16,512,1,3,5.615,18.717,0.00000000
builtin,9,1024,2,h1024_l2,1585162,6340648,6.046913,300,16,512,1,3,13.091,43.637,0.00000000
ring,9,1024,2,h1024_l2,1585162,6340648,6.046913,300,16,512,1,3,16.086,53.621,0.00000000
recursive-doubling-latency,9,1024,2,h1024_l2,1585162,6340648,6.046913,300,16,512,1,3,17.300,57.665,0.00000000
recursive-doubling-bandwidth,9,1024,2,h1024_l2,1585162,6340648,6.046913,300,16,512,1,3,19.081,63.604,0.00000000
swing-latency,9,1024,2,h1024_l2,1585162,6340648,6.046913,300,16,512,1,3,17.225,57.417,0.00000110
swing-bandwidth,9,1024,2,h1024_l2,1585162,6340648,6.046913,300,16,512,1,3,18.736,62.454,0.00000000
bruck-latency,9,1024,2,h1024_l2,1585162,6340648,6.046913,300,16,512,1,3,18.301,61.005,0.00000194
bruck-bandwidth,9,1024,2,h1024_l2,1585162,6340648,6.046913,300,16,512,1,3,19.005,63.351,0.00000000
trivance-latency,9,1024,2,h1024_l2,1585162,6340648,6.046913,300,16,512,1,3,18.279,60.929,0.00000279
trivance-bandwidth,9,1024,2,h1024_l2,1585162,6340648,6.046913,300,16,512,1,3,18.386,61.287,0.00000000
builtin,9,1024,4,h1024_l4,3684362,14737448,14.054726,300,16,512,1,3,25.865,86.218,0.00000000
ring,9,1024,4,h1024_l4,3684362,14737448,14.054726,300,16,512,1,3,35.833,119.445,0.00000000
recursive-doubling-latency,9,1024,4,h1024_l4,3684362,14737448,14.054726,300,16,512,1,3,37.474,124.913,0.00000000
recursive-doubling-bandwidth,9,1024,4,h1024_l4,3684362,14737448,14.054726,300,16,512,1,3,39.129,130.431,0.00000000
swing-latency,9,1024,4,h1024_l4,3684362,14737448,14.054726,300,16,512,1,3,37.070,123.565,0.00000095
swing-bandwidth,9,1024,4,h1024_l4,3684362,14737448,14.054726,300,16,512,1,3,39.974,133.247,0.00000000
bruck-latency,9,1024,4,h1024_l4,3684362,14737448,14.054726,300,16,512,1,3,40.389,134.629,0.00000136
bruck-bandwidth,9,1024,4,h1024_l4,3684362,14737448,14.054726,300,16,512,1,3,37.767,125.889,0.00000000
trivance-latency,9,1024,4,h1024_l4,3684362,14737448,14.054726,300,16,512,1,3,38.993,129.978,0.00000103
trivance-bandwidth,9,1024,4,h1024_l4,3684362,14737448,14.054726,300,16,512,1,3,39.199,130.665,0.00000000
builtin,9,32,2,h32_l2,17802,71208,0.067909,300,16,512,1,4,1.195,3.984,0.00000000
ring,9,32,2,h32_l2,17802,71208,0.067909,300,16,512,1,4,1.247,4.155,0.00000000
recursive-doubling-latency,9,32,2,h32_l2,17802,71208,0.067909,300,16,512,1,4,0.776,2.586,0.00000000
recursive-doubling-bandwidth,9,32,2,h32_l2,17802,71208,0.067909,300,16,512,1,4,0.994,3.314,0.00000000
swing-latency,9,32,2,h32_l2,17802,71208,0.067909,300,16,512,1,4,0.821,2.735,0.00000006
swing-bandwidth,9,32,2,h32_l2,17802,71208,0.067909,300,16,512,1,4,1.016,3.387,0.00000000
bruck-latency,9,32,2,h32_l2,17802,71208,0.067909,300,16,512,1,4,0.831,2.770,0.00000033
bruck-bandwidth,9,32,2,h32_l2,17802,71208,0.067909,300,16,512,1,4,1.049,3.498,0.00000000
trivance-latency,9,32,2,h32_l2,17802,71208,0.067909,300,16,512,1,4,0.782,2.606,0.00000033
trivance-bandwidth,9,32,2,h32_l2,17802,71208,0.067909,300,16,512,1,4,1.026,3.418,0.00000000
builtin,9,64,2,h64_l2,37642,150568,0.143593,300,16,512,1,4,1.242,4.141,0.00000000
ring,9,64,2,h64_l2,37642,150568,0.143593,300,16,512,1,4,1.440,4.802,0.00000000
recursive-doubling-latency,9,64,2,h64_l2,37642,150568,0.143593,300,16,512,1,4,0.940,3.133,0.00000000
recursive-doubling-bandwidth,9,64,2,h64_l2,37642,150568,0.143593,300,16,512,1,4,1.154,3.847,0.00000000
swing-latency,9,64,2,h64_l2,37642,150568,0.143593,300,16,512,1,4,0.934,3.112,0.00000017
swing-bandwidth,9,64,2,h64_l2,37642,150568,0.143593,300,16,512,1,4,1.199,3.995,0.00000000
bruck-latency,9,64,2,h64_l2,37642,150568,0.143593,300,16,512,1,4,0.995,3.318,0.00000034
bruck-bandwidth,9,64,2,h64_l2,37642,150568,0.143593,300,16,512,1,4,1.188,3.959,0.00000000
trivance-latency,9,64,2,h64_l2,37642,150568,0.143593,300,16,512,1,4,0.988,3.293,0.00000022
trivance-bandwidth,9,64,2,h64_l2,37642,150568,0.143593,300,16,512,1,4,1.154,3.845,0.00000000
builtin,9,128,2,h128_l2,83466,333864,0.318398,300,16,512,1,4,1.518,5.060,0.00000000
ring,9,128,2,h128_l2,83466,333864,0.318398,300,16,512,1,4,1.654,5.515,0.00000000
recursive-doubling-latency,9,128,2,h128_l2,83466,333864,0.318398,300,16,512,1,4,1.358,4.527,0.00000000
recursive-doubling-bandwidth,9,128,2,h128_l2,83466,333864,0.318398,300,16,512,1,4,1.677,5.591,0.00000000
swing-latency,9,128,2,h128_l2,83466,333864,0.318398,300,16,512,1,4,1.370,4.567,0.00000006
swing-bandwidth,9,128,2,h128_l2,83466,333864,0.318398,300,16,512,1,4,1.689,5.630,0.00000000
bruck-latency,9,128,2,h128_l2,83466,333864,0.318398,300,16,512,1,4,1.478,4.928,0.00000135
bruck-bandwidth,9,128,2,h128_l2,83466,333864,0.318398,300,16,512,1,4,1.547,5.155,0.00000000
trivance-latency,9,128,2,h128_l2,83466,333864,0.318398,300,16,512,1,4,1.441,4.803,0.00000402
trivance-bandwidth,9,128,2,h128_l2,83466,333864,0.318398,300,16,512,1,4,1.553,5.177,0.00000000
builtin,9,256,2,h256_l2,199690,798760,0.761757,300,16,512,1,4,2.247,7.491,0.00000000
ring,9,256,2,h256_l2,199690,798760,0.761757,300,16,512,1,4,2.782,9.273,0.00000000
recursive-doubling-latency,9,256,2,h256_l2,199690,798760,0.761757,300,16,512,1,4,2.560,8.533,0.00000000
recursive-doubling-bandwidth,9,256,2,h256_l2,199690,798760,0.761757,300,16,512,1,4,2.840,9.468,0.00000000
swing-latency,9,256,2,h256_l2,199690,798760,0.761757,300,16,512,1,4,2.550,8.499,0.00000012
swing-bandwidth,9,256,2,h256_l2,199690,798760,0.761757,300,16,512,1,4,2.905,9.684,0.00000000
bruck-latency,9,256,2,h256_l2,199690,798760,0.761757,300,16,512,1,4,2.823,9.411,0.00000418
bruck-bandwidth,9,256,2,h256_l2,199690,798760,0.761757,300,16,512,1,4,2.763,9.210,0.00000000
trivance-latency,9,256,2,h256_l2,199690,798760,0.761757,300,16,512,1,4,2.727,9.089,0.00000208
trivance-bandwidth,9,256,2,h256_l2,199690,798760,0.761757,300,16,512,1,4,2.806,9.353,0.00000000
builtin,9,512,2,h512_l2,530442,2121768,2.023476,300,16,512,1,4,4.379,14.596,0.00000000
ring,9,512,2,h512_l2,530442,2121768,2.023476,300,16,512,1,4,5.224,17.413,0.00000000
recursive-doubling-latency,9,512,2,h512_l2,530442,2121768,2.023476,300,16,512,1,4,5.940,19.801,0.00000000
recursive-doubling-bandwidth,9,512,2,h512_l2,530442,2121768,2.023476,300,16,512,1,4,6.647,22.157,0.00000000
swing-latency,9,512,2,h512_l2,530442,2121768,2.023476,300,16,512,1,4,5.680,18.935,0.00000136
swing-bandwidth,9,512,2,h512_l2,530442,2121768,2.023476,300,16,512,1,4,6.937,23.124,0.00000000
bruck-latency,9,512,2,h512_l2,530442,2121768,2.023476,300,16,512,1,4,6.689,22.298,0.00000172
bruck-bandwidth,9,512,2,h512_l2,530442,2121768,2.023476,300,16,512,1,4,5.909,19.696,0.00000000
trivance-latency,9,512,2,h512_l2,530442,2121768,2.023476,300,16,512,1,4,6.422,21.408,0.00000241
trivance-bandwidth,9,512,2,h512_l2,530442,2121768,2.023476,300,16,512,1,4,5.633,18.777,0.00000000
builtin,9,1024,2,h1024_l2,1585162,6340648,6.046913,300,16,512,1,4,12.217,40.722,0.00000000
ring,9,1024,2,h1024_l2,1585162,6340648,6.046913,300,16,512,1,4,16.760,55.868,0.00000000
recursive-doubling-latency,9,1024,2,h1024_l2,1585162,6340648,6.046913,300,16,512,1,4,17.399,57.996,0.00000000
recursive-doubling-bandwidth,9,1024,2,h1024_l2,1585162,6340648,6.046913,300,16,512,1,4,19.120,63.735,0.00000000
swing-latency,9,1024,2,h1024_l2,1585162,6340648,6.046913,300,16,512,1,4,17.422,58.072,0.00000110
swing-bandwidth,9,1024,2,h1024_l2,1585162,6340648,6.046913,300,16,512,1,4,18.732,62.442,0.00000000
bruck-latency,9,1024,2,h1024_l2,1585162,6340648,6.046913,300,16,512,1,4,18.756,62.521,0.00000194
bruck-bandwidth,9,1024,2,h1024_l2,1585162,6340648,6.046913,300,16,512,1,4,18.392,61.306,0.00000000
trivance-latency,9,1024,2,h1024_l2,1585162,6340648,6.046913,300,16,512,1,4,17.892,59.639,0.00000279
trivance-bandwidth,9,1024,2,h1024_l2,1585162,6340648,6.046913,300,16,512,1,4,18.048,60.161,0.00000000
builtin,9,1024,4,h1024_l4,3684362,14737448,14.054726,300,16,512,1,4,25.593,85.309,0.00000000
ring,9,1024,4,h1024_l4,3684362,14737448,14.054726,300,16,512,1,4,33.559,111.863,0.00000000
recursive-doubling-latency,9,1024,4,h1024_l4,3684362,14737448,14.054726,300,16,512,1,4,36.602,122.005,0.00000000
recursive-doubling-bandwidth,9,1024,4,h1024_l4,3684362,14737448,14.054726,300,16,512,1,4,41.070,136.902,0.00000000
swing-latency,9,1024,4,h1024_l4,3684362,14737448,14.054726,300,16,512,1,4,36.472,121.574,0.00000095
swing-bandwidth,9,1024,4,h1024_l4,3684362,14737448,14.054726,300,16,512,1,4,40.843,136.144,0.00000000
bruck-latency,9,1024,4,h1024_l4,3684362,14737448,14.054726,300,16,512,1,4,39.385,131.282,0.00000136
bruck-bandwidth,9,1024,4,h1024_l4,3684362,14737448,14.054726,300,16,512,1,4,37.247,124.157,0.00000000
trivance-latency,9,1024,4,h1024_l4,3684362,14737448,14.054726,300,16,512,1,4,39.263,130.877,0.00000103
trivance-bandwidth,9,1024,4,h1024_l4,3684362,14737448,14.054726,300,16,512,1,4,36.955,123.183,0.00000000
builtin,9,32,2,h32_l2,17802,71208,0.067909,300,16,512,1,5,1.262,4.206,0.00000000
ring,9,32,2,h32_l2,17802,71208,0.067909,300,16,512,1,5,1.286,4.287,0.00000000
recursive-doubling-latency,9,32,2,h32_l2,17802,71208,0.067909,300,16,512,1,5,0.777,2.591,0.00000000
recursive-doubling-bandwidth,9,32,2,h32_l2,17802,71208,0.067909,300,16,512,1,5,1.012,3.372,0.00000000
swing-latency,9,32,2,h32_l2,17802,71208,0.067909,300,16,512,1,5,0.776,2.587,0.00000006
swing-bandwidth,9,32,2,h32_l2,17802,71208,0.067909,300,16,512,1,5,1.067,3.556,0.00000000
bruck-latency,9,32,2,h32_l2,17802,71208,0.067909,300,16,512,1,5,0.827,2.757,0.00000033
bruck-bandwidth,9,32,2,h32_l2,17802,71208,0.067909,300,16,512,1,5,1.036,3.453,0.00000000
trivance-latency,9,32,2,h32_l2,17802,71208,0.067909,300,16,512,1,5,0.810,2.699,0.00000033
trivance-bandwidth,9,32,2,h32_l2,17802,71208,0.067909,300,16,512,1,5,1.015,3.385,0.00000000
builtin,9,64,2,h64_l2,37642,150568,0.143593,300,16,512,1,5,1.267,4.224,0.00000000
ring,9,64,2,h64_l2,37642,150568,0.143593,300,16,512,1,5,1.420,4.733,0.00000000
recursive-doubling-latency,9,64,2,h64_l2,37642,150568,0.143593,300,16,512,1,5,0.908,3.026,0.00000000
recursive-doubling-bandwidth,9,64,2,h64_l2,37642,150568,0.143593,300,16,512,1,5,1.147,3.822,0.00000000
swing-latency,9,64,2,h64_l2,37642,150568,0.143593,300,16,512,1,5,0.902,3.008,0.00000017
swing-bandwidth,9,64,2,h64_l2,37642,150568,0.143593,300,16,512,1,5,1.169,3.898,0.00000000
bruck-latency,9,64,2,h64_l2,37642,150568,0.143593,300,16,512,1,5,0.972,3.241,0.00000034
bruck-bandwidth,9,64,2,h64_l2,37642,150568,0.143593,300,16,512,1,5,1.208,4.026,0.00000000
trivance-latency,9,64,2,h64_l2,37642,150568,0.143593,300,16,512,1,5,0.974,3.246,0.00000022
trivance-bandwidth,9,64,2,h64_l2,37642,150568,0.143593,300,16,512,1,5,1.205,4.017,0.00000000
builtin,9,128,2,h128_l2,83466,333864,0.318398,300,16,512,1,5,1.512,5.040,0.00000000
ring,9,128,2,h128_l2,83466,333864,0.318398,300,16,512,1,5,1.667,5.556,0.00000000
recursive-doubling-latency,9,128,2,h128_l2,83466,333864,0.318398,300,16,512,1,5,1.416,4.721,0.00000000
recursive-doubling-bandwidth,9,128,2,h128_l2,83466,333864,0.318398,300,16,512,1,5,1.604,5.348,0.00000000
swing-latency,9,128,2,h128_l2,83466,333864,0.318398,300,16,512,1,5,1.354,4.514,0.00000006
swing-bandwidth,9,128,2,h128_l2,83466,333864,0.318398,300,16,512,1,5,1.690,5.635,0.00000000
bruck-latency,9,128,2,h128_l2,83466,333864,0.318398,300,16,512,1,5,1.407,4.689,0.00000135
bruck-bandwidth,9,128,2,h128_l2,83466,333864,0.318398,300,16,512,1,5,1.543,5.144,0.00000000
trivance-latency,9,128,2,h128_l2,83466,333864,0.318398,300,16,512,1,5,1.485,4.950,0.00000402
trivance-bandwidth,9,128,2,h128_l2,83466,333864,0.318398,300,16,512,1,5,1.491,4.969,0.00000000
builtin,9,256,2,h256_l2,199690,798760,0.761757,300,16,512,1,5,2.264,7.547,0.00000000
ring,9,256,2,h256_l2,199690,798760,0.761757,300,16,512,1,5,2.820,9.398,0.00000000
recursive-doubling-latency,9,256,2,h256_l2,199690,798760,0.761757,300,16,512,1,5,2.535,8.451,0.00000000
recursive-doubling-bandwidth,9,256,2,h256_l2,199690,798760,0.761757,300,16,512,1,5,2.980,9.932,0.00000000
swing-latency,9,256,2,h256_l2,199690,798760,0.761757,300,16,512,1,5,2.531,8.435,0.00000012
swing-bandwidth,9,256,2,h256_l2,199690,798760,0.761757,300,16,512,1,5,2.979,9.931,0.00000000
bruck-latency,9,256,2,h256_l2,199690,798760,0.761757,300,16,512,1,5,2.766,9.220,0.00000418
bruck-bandwidth,9,256,2,h256_l2,199690,798760,0.761757,300,16,512,1,5,2.849,9.498,0.00000000
trivance-latency,9,256,2,h256_l2,199690,798760,0.761757,300,16,512,1,5,2.660,8.866,0.00000208
trivance-bandwidth,9,256,2,h256_l2,199690,798760,0.761757,300,16,512,1,5,2.760,9.201,0.00000000
builtin,9,512,2,h512_l2,530442,2121768,2.023476,300,16,512,1,5,4.345,14.484,0.00000000
ring,9,512,2,h512_l2,530442,2121768,2.023476,300,16,512,1,5,5.272,17.573,0.00000000
recursive-doubling-latency,9,512,2,h512_l2,530442,2121768,2.023476,300,16,512,1,5,6.082,20.272,0.00000000
recursive-doubling-bandwidth,9,512,2,h512_l2,530442,2121768,2.023476,300,16,512,1,5,7.114,23.713,0.00000000
swing-latency,9,512,2,h512_l2,530442,2121768,2.023476,300,16,512,1,5,6.094,20.315,0.00000136
swing-bandwidth,9,512,2,h512_l2,530442,2121768,2.023476,300,16,512,1,5,6.653,22.177,0.00000000
bruck-latency,9,512,2,h512_l2,530442,2121768,2.023476,300,16,512,1,5,6.321,21.071,0.00000172
bruck-bandwidth,9,512,2,h512_l2,530442,2121768,2.023476,300,16,512,1,5,5.756,19.185,0.00000000
trivance-latency,9,512,2,h512_l2,530442,2121768,2.023476,300,16,512,1,5,6.356,21.185,0.00000241
trivance-bandwidth,9,512,2,h512_l2,530442,2121768,2.023476,300,16,512,1,5,5.742,19.141,0.00000000
builtin,9,1024,2,h1024_l2,1585162,6340648,6.046913,300,16,512,1,5,13.367,44.557,0.00000000
ring,9,1024,2,h1024_l2,1585162,6340648,6.046913,300,16,512,1,5,15.991,53.305,0.00000000
recursive-doubling-latency,9,1024,2,h1024_l2,1585162,6340648,6.046913,300,16,512,1,5,17.102,57.005,0.00000000
recursive-doubling-bandwidth,9,1024,2,h1024_l2,1585162,6340648,6.046913,300,16,512,1,5,19.370,64.566,0.00000000
swing-latency,9,1024,2,h1024_l2,1585162,6340648,6.046913,300,16,512,1,5,17.550,58.498,0.00000110
swing-bandwidth,9,1024,2,h1024_l2,1585162,6340648,6.046913,300,16,512,1,5,18.219,60.729,0.00000000
bruck-latency,9,1024,2,h1024_l2,1585162,6340648,6.046913,300,16,512,1,5,18.882,62.940,0.00000194
bruck-bandwidth,9,1024,2,h1024_l2,1585162,6340648,6.046913,300,16,512,1,5,19.104,63.681,0.00000000
trivance-latency,9,1024,2,h1024_l2,1585162,6340648,6.046913,300,16,512,1,5,18.848,62.826,0.00000279
trivance-bandwidth,9,1024,2,h1024_l2,1585162,6340648,6.046913,300,16,512,1,5,18.048,60.159,0.00000000
builtin,9,1024,4,h1024_l4,3684362,14737448,14.054726,300,16,512,1,5,25.988,86.625,0.00000000
ring,9,1024,4,h1024_l4,3684362,14737448,14.054726,300,16,512,1,5,32.522,108.408,0.00000000
recursive-doubling-latency,9,1024,4,h1024_l4,3684362,14737448,14.054726,300,16,512,1,5,38.097,126.991,0.00000000
recursive-doubling-bandwidth,9,1024,4,h1024_l4,3684362,14737448,14.054726,300,16,512,1,5,40.383,134.610,0.00000000
swing-latency,9,1024,4,h1024_l4,3684362,14737448,14.054726,300,16,512,1,5,36.499,121.664,0.00000095
swing-bandwidth,9,1024,4,h1024_l4,3684362,14737448,14.054726,300,16,512,1,5,41.577,138.589,0.00000000
bruck-latency,9,1024,4,h1024_l4,3684362,14737448,14.054726,300,16,512,1,5,40.660,135.535,0.00000136
bruck-bandwidth,9,1024,4,h1024_l4,3684362,14737448,14.054726,300,16,512,1,5,38.150,127.167,0.00000000
trivance-latency,9,1024,4,h1024_l4,3684362,14737448,14.054726,300,16,512,1,5,39.599,131.998,0.00000103
trivance-bandwidth,9,1024,4,h1024_l4,3684362,14737448,14.054726,300,16,512,1,5,37.664,125.548,0.00000000
