algo,world_size,input_dim,hidden_dim,num_classes,num_layers,model_label,target_vector_size_bytes,total_params,grad_size_bytes,grad_size_mib,steps,batch_size,bucket_cap_mb,threads,repeat_id,total_training_time_sec,avg_step_time_ms,parameter_max_diff,torchrun_status,accepted
bidirectional-ring,7,251,1,2,1,1KiB,1024,256,1024,0.000977,100,64,25,1,1,2.742,27.419,0.00000000,0,completed
ring,7,251,1,2,1,1KiB,1024,256,1024,0.000977,100,64,25,1,1,1.735,17.347,0.00000000,0,completed
builtin,7,251,1,2,1,1KiB,1024,256,1024,0.000977,100,64,25,1,1,0.442,4.419,0.00000000,0,completed
bidirectional-ring,7,507,1,2,1,2KiB,2048,512,2048,0.001953,100,64,25,1,1,2.710,27.100,0.00000000,0,completed
ring,7,507,1,2,1,2KiB,2048,512,2048,0.001953,100,64,25,1,1,1.823,18.230,0.00000000,0,completed
builtin,7,507,1,2,1,2KiB,2048,512,2048,0.001953,100,64,25,1,1,0.638,6.378,0.00000000,0,completed
bidirectional-ring,7,1019,1,2,1,4KiB,4096,1024,4096,0.003906,100,64,25,1,1,2.758,27.583,0.00000000,0,completed
ring,7,1019,1,2,1,4KiB,4096,1024,4096,0.003906,100,64,25,1,1,1.875,18.750,0.00000000,0,completed
builtin,7,1019,1,2,1,4KiB,4096,1024,4096,0.003906,100,64,25,1,1,0.576,5.757,0.00000000,0,completed
bidirectional-ring,7,2043,1,2,1,8KiB,8192,2048,8192,0.007812,100,64,25,1,1,2.912,29.119,0.00000000,0,completed
ring,7,2043,1,2,1,8KiB,8192,2048,8192,0.007812,100,64,25,1,1,1.914,19.137,0.00000000,0,completed
builtin,7,2043,1,2,1,8KiB,8192,2048,8192,0.007812,100,64,25,1,1,0.655,6.547,0.00000000,0,completed
bidirectional-ring,7,4091,1,2,1,16KiB,16384,4096,16384,0.015625,100,64,25,1,1,2.822,28.218,0.00000000,0,completed
ring,7,4091,1,2,1,16KiB,16384,4096,16384,0.015625,100,64,25,1,1,1.942,19.423,0.00000000,0,completed
builtin,7,4091,1,2,1,16KiB,16384,4096,16384,0.015625,100,64,25,1,1,0.610,6.103,0.00000000,0,completed
bidirectional-ring,7,8187,1,2,1,32KiB,32768,8192,32768,0.031250,100,64,25,1,1,2.652,26.521,0.00000000,0,completed
ring,7,8187,1,2,1,32KiB,32768,8192,32768,0.031250,100,64,25,1,1,1.833,18.326,0.00000000,0,completed
builtin,7,8187,1,2,1,32KiB,32768,8192,32768,0.031250,100,64,25,1,1,0.552,5.520,0.00000000,0,completed
bidirectional-ring,7,16379,1,2,1,64KiB,65536,16384,65536,0.062500,100,64,25,1,1,2.668,26.682,0.00000000,0,completed
ring,7,16379,1,2,1,64KiB,65536,16384,65536,0.062500,100,64,25,1,1,1.890,18.904,0.00000000,0,completed
builtin,7,16379,1,2,1,64KiB,65536,16384,65536,0.062500,100,64,25,1,1,0.578,5.779,0.00000000,0,completed
bidirectional-ring,7,32763,1,2,1,128KiB,131072,32768,131072,0.125000,100,64,25,1,1,3.019,30.187,0.00000000,0,completed
ring,7,32763,1,2,1,128KiB,131072,32768,131072,0.125000,100,64,25,1,1,1.891,18.910,0.00000000,0,completed
builtin,7,32763,1,2,1,128KiB,131072,32768,131072,0.125000,100,64,25,1,1,0.453,4.532,0.00000000,0,completed
bidirectional-ring,7,65531,1,2,1,256KiB,262144,65536,262144,0.250000,100,64,25,1,1,3.141,31.407,0.00000000,0,completed
ring,7,65531,1,2,1,256KiB,262144,65536,262144,0.250000,100,64,25,1,1,1.797,17.973,0.00000000,0,completed
builtin,7,65531,1,2,1,256KiB,262144,65536,262144,0.250000,100,64,25,1,1,0.603,6.032,0.00000000,0,completed
bidirectional-ring,7,131067,1,2,1,512KiB,524288,131072,524288,0.500000,100,64,25,1,1,2.637,26.367,0.00000000,0,completed
ring,7,131067,1,2,1,512KiB,524288,131072,524288,0.500000,100,64,25,1,1,1.819,18.189,0.00000000,0,completed
builtin,7,131067,1,2,1,512KiB,524288,131072,524288,0.500000,100,64,25,1,1,0.466,4.665,0.00000000,0,completed
bidirectional-ring,7,262139,1,2,1,1MiB,1048576,262144,1048576,1.000000,100,64,25,1,1,2.968,29.676,0.00000000,0,completed
ring,7,262139,1,2,1,1MiB,1048576,262144,1048576,1.000000,100,64,25,1,1,1.993,19.931,0.00000000,0,completed
builtin,7,262139,1,2,1,1MiB,1048576,262144,1048576,1.000000,100,64,25,1,1,0.577,5.774,0.00000000,0,completed
bidirectional-ring,7,251,1,2,1,1KiB,1024,256,1024,0.000977,100,64,25,1,2,2.950,29.497,0.00000000,0,completed
ring,7,251,1,2,1,1KiB,1024,256,1024,0.000977,100,64,25,1,2,1.886,18.859,0.00000000,0,completed
builtin,7,251,1,2,1,1KiB,1024,256,1024,0.000977,100,64,25,1,2,0.634,6.336,0.00000000,0,completed
bidirectional-ring,7,507,1,2,1,2KiB,2048,512,2048,0.001953,100,64,25,1,2,2.804,28.041,0.00000000,0,completed
ring,7,507,1,2,1,2KiB,2048,512,2048,0.001953,100,64,25,1,2,1.918,19.185,0.00000000,0,completed
builtin,7,507,1,2,1,2KiB,2048,512,2048,0.001953,100,64,25,1,2,0.463,4.631,0.00000000,0,completed
bidirectional-ring,7,1019,1,2,1,4KiB,4096,1024,4096,0.003906,100,64,25,1,2,2.798,27.979,0.00000000,0,completed
ring,7,1019,1,2,1,4KiB,4096,1024,4096,0.003906,100,64,25,1,2,1.917,19.168,0.00000000,0,completed
builtin,7,1019,1,2,1,4KiB,4096,1024,4096,0.003906,100,64,25,1,2,0.644,6.438,0.00000000,0,completed
bidirectional-ring,7,2043,1,2,1,8KiB,8192,2048,8192,0.007812,100,64,25,1,2,2.841,28.406,0.00000000,0,completed
ring,7,2043,1,2,1,8KiB,8192,2048,8192,0.007812,100,64,25,1,2,1.925,19.249,0.00000000,0,completed
builtin,7,2043,1,2,1,8KiB,8192,2048,8192,0.007812,100,64,25,1,2,0.638,6.377,0.00000000,0,completed
bidirectional-ring,7,4091,1,2,1,16KiB,16384,4096,16384,0.015625,100,64,25,1,2,3.077,30.770,0.00000000,0,completed
ring,7,4091,1,2,1,16KiB,16384,4096,16384,0.015625,100,64,25,1,2,1.875,18.746,0.00000000,0,completed
builtin,7,4091,1,2,1,16KiB,16384,4096,16384,0.015625,100,64,25,1,2,0.590,5.901,0.00000000,0,completed
bidirectional-ring,7,8187,1,2,1,32KiB,32768,8192,32768,0.031250,100,64,25,1,2,2.867,28.672,0.00000000,0,completed
ring,7,8187,1,2,1,32KiB,32768,8192,32768,0.031250,100,64,25,1,2,2.050,20.495,0.00000000,0,completed
builtin,7,8187,1,2,1,32KiB,32768,8192,32768,0.031250,100,64,25,1,2,0.502,5.017,0.00000000,0,completed
bidirectional-ring,7,16379,1,2,1,64KiB,65536,16384,65536,0.062500,100,64,25,1,2,2.701,27.010,0.00000000,0,completed
ring,7,16379,1,2,1,64KiB,65536,16384,65536,0.062500,100,64,25,1,2,1.979,19.790,0.00000000,0,completed
builtin,7,16379,1,2,1,64KiB,65536,16384,65536,0.062500,100,64,25,1,2,0.511,5.111,0.00000000,0,completed
bidirectional-ring,7,32763,1,2,1,128KiB,131072,32768,131072,0.125000,100,64,25,1,2,2.937,29.373,0.00000000,0,completed
ring,7,32763,1,2,1,128KiB,131072,32768,131072,0.125000,100,64,25,1,2,1.884,18.841,0.00000000,0,completed
builtin,7,32763,1,2,1,128KiB,131072,32768,131072,0.125000,100,64,25,1,2,0.471,4.710,0.00000000,0,completed
bidirectional-ring,7,65531,1,2,1,256KiB,262144,65536,262144,0.250000,100,64,25,1,2,2.998,29.985,0.00000000,0,completed
ring,7,65531,1,2,1,256KiB,262144,65536,262144,0.250000,100,64,25,1,2,1.791,17.911,0.00000000,0,completed
builtin,7,65531,1,2,1,256KiB,262144,65536,262144,0.250000,100,64,25,1,2,0.457,4.574,0.00000000,0,completed
bidirectional-ring,7,131067,1,2,1,512KiB,524288,131072,524288,0.500000,100,64,25,1,2,2.951,29.511,0.00000000,0,completed
ring,7,131067,1,2,1,512KiB,524288,131072,524288,0.500000,100,64,25,1,2,1.953,19.525,0.00000000,0,completed
builtin,7,131067,1,2,1,512KiB,524288,131072,524288,0.500000,100,64,25,1,2,0.484,4.836,0.00000000,0,completed
bidirectional-ring,7,262139,1,2,1,1MiB,1048576,262144,1048576,1.000000,100,64,25,1,2,2.771,27.706,0.00000000,0,completed
ring,7,262139,1,2,1,1MiB,1048576,262144,1048576,1.000000,100,64,25,1,2,1.936,19.360,0.00000000,0,completed
builtin,7,262139,1,2,1,1MiB,1048576,262144,1048576,1.000000,100,64,25,1,2,0.454,4.537,0.00000000,0,completed
bidirectional-ring,7,251,1,2,1,1KiB,1024,256,1024,0.000977,100,64,25,1,3,2.728,27.284,0.00000000,0,completed
ring,7,251,1,2,1,1KiB,1024,256,1024,0.000977,100,64,25,1,3,1.809,18.088,0.00000000,0,completed
builtin,7,251,1,2,1,1KiB,1024,256,1024,0.000977,100,64,25,1,3,0.477,4.770,0.00000000,0,completed
bidirectional-ring,7,507,1,2,1,2KiB,2048,512,2048,0.001953,100,64,25,1,3,2.859,28.586,0.00000000,0,completed
ring,7,507,1,2,1,2KiB,2048,512,2048,0.001953,100,64,25,1,3,1.898,18.983,0.00000000,0,completed
builtin,7,507,1,2,1,2KiB,2048,512,2048,0.001953,100,64,25,1,3,0.598,5.976,0.00000000,0,completed
bidirectional-ring,7,1019,1,2,1,4KiB,4096,1024,4096,0.003906,100,64,25,1,3,2.911,29.114,0.00000000,0,completed
ring,7,1019,1,2,1,4KiB,4096,1024,4096,0.003906,100,64,25,1,3,1.743,17.434,0.00000000,0,completed
builtin,7,1019,1,2,1,4KiB,4096,1024,4096,0.003906,100,64,25,1,3,0.600,5.999,0.00000000,0,completed
bidirectional-ring,7,2043,1,2,1,8KiB,8192,2048,8192,0.007812,100,64,25,1,3,2.740,27.398,0.00000000,0,completed
ring,7,2043,1,2,1,8KiB,8192,2048,8192,0.007812,100,64,25,1,3,1.905,19.047,0.00000000,0,completed
builtin,7,2043,1,2,1,8KiB,8192,2048,8192,0.007812,100,64,25,1,3,0.669,6.685,0.00000000,0,completed
bidirectional-ring,7,4091,1,2,1,16KiB,16384,4096,16384,0.015625,100,64,25,1,3,2.776,27.762,0.00000000,0,completed
ring,7,4091,1,2,1,16KiB,16384,4096,16384,0.015625,100,64,25,1,3,1.697,16.970,0.00000000,0,completed
builtin,7,4091,1,2,1,16KiB,16384,4096,16384,0.015625,100,64,25,1,3,0.606,6.065,0.00000000,0,completed
bidirectional-ring,7,8187,1,2,1,32KiB,32768,8192,32768,0.031250,100,64,25,1,3,2.927,29.269,0.00000000,0,completed
ring,7,8187,1,2,1,32KiB,32768,8192,32768,0.031250,100,64,25,1,3,1.658,16.581,0.00000000,0,completed
builtin,7,8187,1,2,1,32KiB,32768,8192,32768,0.031250,100,64,25,1,3,0.616,6.163,0.00000000,0,completed
bidirectional-ring,7,16379,1,2,1,64KiB,65536,16384,65536,0.062500,100,64,25,1,3,2.954,29.541,0.00000000,0,completed
ring,7,16379,1,2,1,64KiB,65536,16384,65536,0.062500,100,64,25,1,3,1.854,18.538,0.00000000,0,completed
builtin,7,16379,1,2,1,64KiB,65536,16384,65536,0.062500,100,64,25,1,3,0.461,4.607,0.00000000,0,completed
bidirectional-ring,7,32763,1,2,1,128KiB,131072,32768,131072,0.125000,100,64,25,1,3,2.648,26.480,0.00000000,0,completed
ring,7,32763,1,2,1,128KiB,131072,32768,131072,0.125000,100,64,25,1,3,1.824,18.241,0.00000000,0,completed
builtin,7,32763,1,2,1,128KiB,131072,32768,131072,0.125000,100,64,25,1,3,0.445,4.452,0.00000000,0,completed
bidirectional-ring,7,65531,1,2,1,256KiB,262144,65536,262144,0.250000,100,64,25,1,3,3.730,37.298,0.00000000,0,completed
ring,7,65531,1,2,1,256KiB,262144,65536,262144,0.250000,100,64,25,1,3,1.882,18.817,0.00000000,0,completed
builtin,7,65531,1,2,1,256KiB,262144,65536,262144,0.250000,100,64,25,1,3,0.679,6.788,0.00000000,0,completed
bidirectional-ring,7,131067,1,2,1,512KiB,524288,131072,524288,0.500000,100,64,25,1,3,2.787,27.872,0.00000000,0,completed
ring,7,131067,1,2,1,512KiB,524288,131072,524288,0.500000,100,64,25,1,3,1.813,18.126,0.00000000,0,completed
builtin,7,131067,1,2,1,512KiB,524288,131072,524288,0.500000,100,64,25,1,3,0.633,6.333,0.00000000,0,completed
bidirectional-ring,7,262139,1,2,1,1MiB,1048576,262144,1048576,1.000000,100,64,25,1,3,3.132,31.320,0.00000000,0,completed
ring,7,262139,1,2,1,1MiB,1048576,262144,1048576,1.000000,100,64,25,1,3,1.768,17.675,0.00000000,0,completed
builtin,7,262139,1,2,1,1MiB,1048576,262144,1048576,1.000000,100,64,25,1,3,0.641,6.411,0.00000000,0,completed
